Rank,Player,Owned?,Team,Position,"FHG Value","Games Played",SO,SV,GA,W,G,A,+/-,SOG,GWG,PPP,SHP,HITS,BKS,"Fantasy Points"
1,"Nathan MacKinnon",Jadakar,COL,C,411,82," "," "," "," ",65,72,120,355,13,45,0,95,58,660
2,"Connor McDavid",Zad,EDM,C,364,82," "," "," "," ",55,91,5,316,3,85,5,48,48,612
3,"Cale Makar",Jadakar,COL,D,304,82," "," "," "," ",23,70,62,228,6,33,0,41,149,446
4,"Macklin Celebrini","Jte Pete",SJS,C,298,82," "," "," "," ",47,84,42,280,10,45,0,62,62,547
5,"Leon Draisaitl","Robshet la Jaf HC",EDM,C/LW,259,82," "," "," "," ",41,77,7,234,5,68,2,47,26,480
6,"Auston Matthews","El Chapo",TOR,C,255,76," "," "," "," ",56,35,18,378,8,18,0,54,145,504
7,"Jason Robertson","Puck Daddy",DAL,LW/RW,247,82," "," "," "," ",47,50,36,309,6,45,0,51,36,468
8,"Zach Werenski",Zad,CBJ,D,246,78," "," "," "," ",30,53,10,263,0,20,2,36,108,388
9,"Tim Stutzle","Robshet la Jaf HC",OTT,C/LW,217,82," "," "," "," ",38,52,8,214,6,33,2,157,62,438
10,"Nikita Kucherov","Jte Pete",TBL,RW,206,79," "," "," "," ",40,81,51,224,10,46,0,38,33,482
11,"Jakob Chychrun",Vasyy,WSH,D,204,82," "," "," "," ",27,30,39,268,6,13,0,61,88,346
12,"Matt Boldy",Vasyy,MIN,LW/RW,203,82," "," "," "," ",47,40,28,258,6,26,4,57,58,424
13,"Quinn Hughes","The Sleix Blue Squad",MIN,D,187,76," "," "," "," ",7,70,-6,232,0,36,0,11,95,329
14,"Igor Shesterkin","Puck Daddy",NYR,G,187,0,6,1697,146,28," "," "," "," "," "," "," "," "," ",329
15,"Kirill Kaprizov","The Sleix Blue Squad",MIN,LW,186,78," "," "," "," ",44,46,12,279,4,31,0,41,35,407
16,"Andrei Vasilevskiy","Robshet la Jaf HC",TBL,G,185,0,5,1655,163,35," "," "," "," "," "," "," "," "," ",328
17,"Evan Bouchard","Jte Pete",EDM,D,185,82," "," "," "," ",15,58,2,203,2,27,2,21,107,327
18,"Lane Hutson",Vasyy,MTL,D,179,82," "," "," "," ",14,63,29,126,5,20,0,36,122,321
19,"Moritz Seider","ALL EYES ON YOU",DET,D,178,82," "," "," "," ",12,41,15,169,2,21,0,113,146,320
20,"Mikko Rantanen","ALL EYES ON YOU",DAL,LW/RW,177,81," "," "," "," ",29,73,2,176,2,52,0,60,40,398
21,"Brandon Hagel","Puck Daddy",TBL,LW/RW,175,77," "," "," "," ",43,39,48,235,11,11,2,66,46,396
22,"David Pastrnak",Vasyy,BOS,RW,172,77," "," "," "," ",40,60,-24,280,5,45,0,107,36,447
23,"Kyle Connor",Zad,WPG,LW,172,82," "," "," "," ",39,56,11,275,2,21,6,21,13,393
24,"Juuse Saros",Vasyy,NSH,G,167,0,3,1662,163,32," "," "," "," "," "," "," "," "," ",309
25,"Darren Raddysh",Viens,TBL,D,166,76," "," "," "," ",22,45,26,156,6,22,0,63,60,309
26,"Matthew Schaefer","ALL EYES ON YOU",NYI,D,163,82," "," "," "," ",23,32,16,217,5,21,0,32,96,305
27,"Sergei Bobrovsky","The Sleix Blue Squad",FLA,G,162,0,4,1423,136,35," "," "," "," "," "," "," "," "," ",305
28,"Miro Heiskanen","ALL EYES ON YOU",DAL,D,155,82," "," "," "," ",12,52,10,156,3,23,2,15,134,297
29,"Ilya Sorokin","Puck Daddy",NYI,G,152,0,4,1669,155,25," "," "," "," "," "," "," "," "," ",295
30,"Jake Sanderson","ALL EYES ON YOU",OTT,D,152,82," "," "," "," ",15,45,10,169,2,20,0,25,137,294
31,"Jack Eichel","Puck Daddy",VGK,C,152,72," "," "," "," ",25,65,5,258,7,41,0,50,55,401
32,"Connor Hellebuyck","Robshet la Jaf HC",WPG,G,152,0,6,1751,160,20," "," "," "," "," "," "," "," "," ",294
33,"Rasmus Dahlin","El Chapo",BUF,D,151,78," "," "," "," ",9,54,-18,224,0,21,0,58,84,293
34,"Karel Vejmelka","El Chapo",UTA,G,150,0,2,1579,179,37," "," "," "," "," "," "," "," "," ",293
35,"Jeremy Swayman",Zad,BOS,G,148,0,4,1434,140,32," "," "," "," "," "," "," "," "," ",291
36,"Nick Suzuki","ALL EYES ON YOU",MTL,C,148,82," "," "," "," ",27,63,32,179,2,44,0,66,74,397
37,"Josh Morrissey",Jadakar,WPG,D,147,82," "," "," "," ",12,53,12,142,0,16,0,37,135,290
38,"Sam Reinhart","Robshet la Jaf HC",FLA,C/RW,147,82," "," "," "," ",44,41,-18,212,10,32,6,79,51,396
39,"Tage Thompson","El Chapo",BUF,C/RW,146,82," "," "," "," ",45,36,-18,304,2,18,0,90,49,395
40,"Jake Guentzel",Viens,TBL,LW,144,82," "," "," "," ",35,47,17,201,6,29,4,34,51,365
41,"Jake Oettinger",Zad,DAL,G,142,0,3,1478,147,31," "," "," "," "," "," "," "," "," ",285
42,"Alex DeBrincat",Vasyy,DET,LW/RW,141,82," "," "," "," ",39,38,4,269,7,25,0,37,32,362
43,"Sidney Crosby","The Sleix Blue Squad",PIT,C,137,82," "," "," "," ",46,45,0,190,6,33,0,73,35,386
44,"Wyatt Johnston",Viens,DAL,C/RW,136,82," "," "," "," ",43,46,-4,197,6,45,0,26,64,385
45,"Logan Thompson",Vasyy,WSH,G,135,0,3,1239,122,35," "," "," "," "," "," "," "," "," ",278
46,"Brad Marchand",Jadakar,FLA,LW,135,81," "," "," "," ",42,41,-15,210,4,30,0,63,30,356
47,"Brock Faber","The Sleix Blue Squad",MIN,D,134,82," "," "," "," ",17,29,15,175,2,12,2,24,156,277
48,"Drake Batherson","El Chapo",OTT,LW/RW,134,79," "," "," "," ",33,47,-4,175,6,29,0,119,29,355
49,"Cole Caufield",Vasyy,MTL,LW/RW,133,82," "," "," "," ",38,38,20,222,9,25,0,59,20,354
50,"MacKenzie Weegar","Robshet la Jaf HC",CGY,D,133,82," "," "," "," ",7,29,-29,227,0,4,1,152,132,275
51,"Filip Hronek","Robshet la Jaf HC",VAN,D,132,82," "," "," "," ",6,50,3,120,0,15,2,120,99,274
52,"Martin Necas",Zad,COL,RW,131,82," "," "," "," ",35,63,77,175,0,19,0,93,27,407
53,"Rasmus Andersson","Jte Pete",VGK,D,131,82," "," "," "," ",17,33,3,193,0,14,0,35,123,273
54,"Artemi Panarin","The Sleix Blue Squad",NYR,LW,130,81," "," "," "," ",31,58,-12,256,6,28,0,14,16,351
55,"Jackson LaCombe",Viens,ANA,D,129,82," "," "," "," ",12,39,-13,191,0,13,3,60,111,271
56,"Mackenzie Blackwood","El Chapo",COL,G,129,0,4,1538,172,30," "," "," "," "," "," "," "," "," ",272
57,"Juraj Slafkovsky",&nbsp;,MTL,LW/RW,121,82," "," "," "," ",30,36,12,176,4,25,0,117,71,343
58,"Cutter Gauthier","Jte Pete",ANA,LW,120,82," "," "," "," ",35,34,8,291,5,15,0,49,20,341
59,"Filip Gustavsson","ALL EYES ON YOU",MIN,G,118,0,5,1562,172,25," "," "," "," "," "," "," "," "," ",260
60,"Travis Konecny","The Sleix Blue Squad",PHI,LW/RW,118,82," "," "," "," ",26,49,25,192,2,13,0,102,44,339
61,"Matthew Knies","ALL EYES ON YOU",TOR,LW,115,79," "," "," "," ",24,51,-4,168,4,8,0,181,31,336
62,"Mika Zibanejad","El Chapo",NYR,C/RW,112,81," "," "," "," ",29,42,-18,223,4,30,4,116,54,361
63,"Dylan Cozens","Jte Pete",OTT,C,112,82," "," "," "," ",26,40,-28,213,0,33,0,218,28,361
64,"Andrei Svechnikov","The Sleix Blue Squad",CAR,LW/RW,111,82," "," "," "," ",23,45,4,232,2,19,0,127,16,332
65,"Connor Bedard",Jadakar,CHI,C/RW,111,62," "," "," "," ",37,49,19,201,7,31,0,21,35,359
66,"Lukas Dostal","Jte Pete",ANA,G,109,0,2,1432,143,25," "," "," "," "," "," "," "," "," ",251
67,"Linus Ullmark",Viens,OTT,G,109,0,4,1296,120,24," "," "," "," "," "," "," "," "," ",251
68,"Darcy Kuemper",Jadakar,LAK,G,109,0,5,1391,135,22," "," "," "," "," "," "," "," "," ",251
69,"Adrian Kempe","Jte Pete",LAK,RW,107,82," "," "," "," ",30,38,18,244,9,11,4,152,52,382
70,"John Carlson",Jadakar,WSH,D,107,78," "," "," "," ",16,40,13,144,0,10,0,24,94,249
71,"Noah Dobson","Puck Daddy",MTL,D,107,82," "," "," "," ",12,36,1,141,1,7,0,33,158,249
72,"Mark Scheifele","The Sleix Blue Squad",WPG,C,107,82," "," "," "," ",38,54,12,173,4,19,2,39,39,355
73,"Alex Ovechkin",Jadakar,WSH,LW/RW,105,82," "," "," "," ",32,34,0,210,7,15,0,128,13,326
74,"Filip Forsberg","Jte Pete",NSH,LW,104,82," "," "," "," ",31,29,-10,242,2,14,0,142,25,326
75,"Erik Karlsson",Zad,PIT,D,104,82," "," "," "," ",6,52,-2,181,0,20,0,15,66,246
76,"Shayne Gostisbehere","Robshet la Jaf HC",CAR,D,102,70," "," "," "," ",10,51,20,110,2,18,0,26,70,244
77,"Dustin Wolf","Jte Pete",CGY,G,100,0,4,1373,148,25," "," "," "," "," "," "," "," "," ",243
78,"Sebastian Aho","El Chapo",CAR,C,99,82," "," "," "," ",32,48,11,192,4,22,4,69,30,348
79,"Joey Daccord",Jadakar,SEA,G,99,0,3,1427,144,22," "," "," "," "," "," "," "," "," ",241
80,"Mikhail Sergachev","Jte Pete",UTA,D,99,82," "," "," "," ",10,40,-13,155,0,17,1,32,109,241
81,"Jacob Markstrom","ALL EYES ON YOU",NJD,G,98,0,4,1275,122,23," "," "," "," "," "," "," "," "," ",241
82,"Seth Jarvis","Puck Daddy",CAR,C/LW/RW,96,74," "," "," "," ",39,21,0,226,7,9,4,86,24,317
83,"Brady Tkachuk",Viens,OTT,LW,96,62," "," "," "," ",19,36,-13,238,5,18,0,174,16,317
84,"Morgan Geekie","ALL EYES ON YOU",BOS,C/LW/RW,95,79," "," "," "," ",41,26,-10,169,6,19,0,109,26,317
85,"Clayton Keller","Puck Daddy",UTA,LW/RW,92,82," "," "," "," ",25,47,9,234,5,23,0,14,32,314
86,"Tom Wilson",Viens,WSH,RW,92,77," "," "," "," ",37,33,34,163,3,15,0,185,40,367
87,"Charlie McAvoy","The Sleix Blue Squad",BOS,D,91,70," "," "," "," ",2,48,-11,99,0,21,0,78,112,233
88,"Dylan Larkin",Vasyy,DET,C,90,81," "," "," "," ",41,31,5,225,9,19,0,37,46,339
89,"William Cuylle",&nbsp;,NYR,LW,89,82," "," "," "," ",20,26,-18,174,2,12,0,231,78,310
90,"Dougie Hamilton",Viens,NJD,D,88,78," "," "," "," ",14,11,-8,293,1,6,0,61,55,231
91,"John Gibson",Jadakar,DET,G,85,0,1,1203,137,30," "," "," "," "," "," "," "," "," ",228
92,"Kevin Fiala","Robshet la Jaf HC",LAK,LW,85,82," "," "," "," ",33,30,-11,250,4,21,0,41,28,306
93,"Trevor Zegras",Vasyy,PHI,C,84,80," "," "," "," ",35,49,6,187,4,27,0,29,23,333
94,"Denton Mateychuk",&nbsp;,CBJ,D,83,81," "," "," "," ",19,30,8,119,0,3,0,32,103,226
95,"Dylan Guenther","ALL EYES ON YOU",UTA,RW,82,82," "," "," "," ",40,30,2,276,9,18,0,68,28,357
96,"Sam Montembeault",&nbsp;,MTL,G,81,0,4,1620,184,17," "," "," "," "," "," "," "," "," ",224
97,"Justin Faulk","El Chapo",STL,D,80,82," "," "," "," ",19,17,-5,140,4,9,0,50,111,222
98,"Bowen Byram",&nbsp;,BUF,D,79,82," "," "," "," ",19,28,0,118,6,5,0,43,82,221
99,"Daniel Vladar",&nbsp;,BOS,G,79,0,2,991,101,29," "," "," "," "," "," "," "," "," ",221
100,"Brandt Clarke",Zad,LAK,D,79,82," "," "," "," ",10,28,13,164,3,6,0,31,103,221
101,"Seth Jones",Viens,FLA,D,77,70," "," "," "," ",11,31,-3,143,0,19,0,55,68,219
102,"Jordan Binnington","The Sleix Blue Squad",STL,G,76,0,3,1542,158,14," "," "," "," "," "," "," "," "," ",218
103,"Noah Hanifin","Jte Pete",VGK,D,75,72," "," "," "," ",5,36,-13,193,0,11,0,34,87,217
104,"Kirill Marchenko",Viens,CBJ,RW,75,78," "," "," "," ",31,40,8,244,6,22,2,65,43,350
105,"Tristan Jarry","Robshet la Jaf HC",EDM,G,73,0,3,1209,126,22," "," "," "," "," "," "," "," "," ",216
106,"Jesper Bratt",Viens,NJD,LW/RW,72,82," "," "," "," ",18,50,-20,202,4,21,2,73,25,293
107,"Jack Hughes",Viens,NJD,C/LW,72,64," "," "," "," ",30,35,-11,254,5,18,0,5,29,293
108,"Timo Meier","El Chapo",NJD,LW/RW,69,77," "," "," "," ",23,25,-14,251,3,14,0,112,40,290
109,"Joel Eriksson Ek",Viens,MIN,C,69,80," "," "," "," ",20,39,19,236,3,16,0,110,31,317
110,"Tomas Hertl","ALL EYES ON YOU",VGK,C/LW,68,82," "," "," "," ",29,28,-8,200,5,21,0,85,26,289
111,"Mark Stone",Viens,VGK,RW,68,62," "," "," "," ",31,50,17,141,3,43,3,37,46,343
112,"Carter Verhaeghe",&nbsp;,FLA,LW,68,81," "," "," "," ",26,37,-2,206,4,9,0,82,24,289
113,"Vince Dunn","Robshet la Jaf HC",SEA,D,67,81," "," "," "," ",11,33,-18,159,2,20,0,15,69,209
114,"Yaroslav Askarov",Viens,SJS,G,67,0,1,991,109,29," "," "," "," "," "," "," "," "," ",209
115,"Anthony Stolarz",&nbsp;,TOR,G,67,0,4,1056,90,18," "," "," "," "," "," "," "," "," ",209
116,"Darnell Nurse",&nbsp;,EDM,D,66,82," "," "," "," ",11,16,-13,157,0,0,3,77,125,208
117,"Spencer Knight","ALL EYES ON YOU",CHI,G,66,0,1,1197,127,23," "," "," "," "," "," "," "," "," ",208
118,"Thatcher Demko","The Sleix Blue Squad",VAN,G,65,0,3,1311,123,14," "," "," "," "," "," "," "," "," ",207
119,"Owen Tippett",&nbsp;,PHI,LW/RW,64,82," "," "," "," ",27,25,0,208,0,2,2,128,35,285
120,"Adam Fox","The Sleix Blue Squad",NYR,D,64,54," "," "," "," ",7,41,7,96,2,15,2,25,75,206
121,"Morgan Rielly",Jadakar,TOR,D,63,81," "," "," "," ",9,39,-20,135,3,8,0,28,86,206
122,"Steven Stamkos","Puck Daddy",NSH,C/LW/RW,63,82," "," "," "," ",37,20,-14,199,12,12,0,61,30,284
123,"Bo Horvat","Robshet la Jaf HC",NYI,C,63,71," "," "," "," ",38,22,7,221,5,21,2,46,33,312
124,"Elias Pettersson",Jadakar,VAN,C/LW,63,74," "," "," "," ",25,33,-19,157,0,17,2,62,109,284
125,"Nikolaj Ehlers","Jte Pete",CAR,LW/RW,62,82," "," "," "," ",22,45,11,204,5,23,0,11,18,283
126,"Stuart Skinner","ALL EYES ON YOU",PIT,G,61,0,3,1273,135,18," "," "," "," "," "," "," "," "," ",204
127,"Jacob Trouba","Puck Daddy",ANA,D,61,82," "," "," "," ",11,17,4,134,1,0,1,102,92,203
128,"K'Andre Miller",&nbsp;,CAR,D,60,74," "," "," "," ",8,32,2,118,2,5,3,75,58,202
129,"Pavel Dorofeyev",Jadakar,VGK,LW/RW,60,82," "," "," "," ",31,28,-17,211,2,29,0,31,32,281
130,"Sam Bennett","Robshet la Jaf HC",FLA,C,58,82," "," "," "," ",26,32,-5,195,7,13,0,141,33,307
131,"Kiefer Sherwood","ALL EYES ON YOU",SJS,RW,58,82," "," "," "," ",32,9,-10,192,3,13,1,293,29,333
132,"Lucas Raymond","Robshet la Jaf HC",DET,RW,58,80," "," "," "," ",22,62,8,167,8,35,0,39,33,333
133,"Kris Letang","Robshet la Jaf HC",PIT,D,57,78," "," "," "," ",5,33,1,116,3,10,0,71,75,199
134,"Leo Carlsson","El Chapo",ANA,C,57,80," "," "," "," ",31,43,7,180,5,20,5,13,27,306
135,"Evgeni Malkin",Zad,PIT,C/LW,56,64," "," "," "," ",19,49,13,157,3,33,0,25,18,278
136,"Tyler Bertuzzi",Zad,CHI,LW/RW,56,76," "," "," "," ",39,22,-15,163,3,25,0,54,22,277
137,"Alexander Nikishin",Vasyy,CAR,D,55,81," "," "," "," ",9,21,13,117,0,5,0,107,68,197
138,"Cam Talbot",&nbsp;,DET,G,55,0,2,1102,107,19," "," "," "," "," "," "," "," "," ",197
139,"William Nylander","ALL EYES ON YOU",TOR,C/RW,54,71," "," "," "," ",30,58,-2,146,5,19,0,10,29,303
140,"Anton Lundell","Puck Daddy",FLA,C,54,82," "," "," "," ",26,36,-12,188,5,14,5,87,49,303
141,"Oliver Ekman-Larsson",&nbsp;,TOR,D,53,82," "," "," "," ",12,31,0,103,0,4,0,80,51,196
142,"Ryan Nugent-Hopkins",Zad,EDM,C/LW,53,73," "," "," "," ",23,48,-13,121,2,38,2,29,29,274
143,"Roope Hintz","ALL EYES ON YOU",DAL,C,53,77," "," "," "," ",25,38,25,183,2,27,0,71,19,302
144,"Brent Burns",&nbsp;,COL,D,52,82," "," "," "," ",9,26,29,158,4,1,0,14,68,195
145,"Mitch Marner",Jadakar,VGK,RW,52,82," "," "," "," ",19,68,15,161,0,27,0,31,57,327
146,"Nico Hischier",Zad,NJD,C,51,82," "," "," "," ",23,39,-10,219,2,19,0,58,66,300
147,"Jet Greaves","El Chapo",CBJ,G,51,0,2,859,86,25," "," "," "," "," "," "," "," "," ",194
148,"John Tavares",Vasyy,TOR,C,51,82," "," "," "," ",29,44,-9,210,2,9,0,70,15,300
149,"Ukko-Pekka Luukkonen","Puck Daddy",BUF,G,50,0,3,1155,130,20," "," "," "," "," "," "," "," "," ",193
150,"Eeli Tolvanen",&nbsp;,SEA,LW/RW,50,81," "," "," "," ",14,35,-10,138,0,13,0,171,69,271
151,"William Eklund","El Chapo",SJS,LW,50,78," "," "," "," ",23,35,-32,217,2,19,0,51,50,271
152,"Mattias Ekholm",&nbsp;,EDM,D,50,82," "," "," "," ",5,29,5,136,1,3,0,55,90,192
153,"Shea Theodore",Jadakar,VGK,D,49,62," "," "," "," ",8,32,7,146,3,7,0,0,79,192
154,"Scott Wedgewood","El Chapo",COL,G,48,0,2,774,80,27," "," "," "," "," "," "," "," "," ",191
155,"Artturi Lehkonen",Viens,COL,LW/RW,48,78," "," "," "," ",25,31,52,173,0,3,0,47,38,269
156,"Roman Josi","El Chapo",NSH,D,48,70," "," "," "," ",11,27,-18,167,0,10,0,13,75,190
157,"Sam Malinski",&nbsp;,COL,D,47,82," "," "," "," ",5,35,34,117,1,1,0,33,63,189
158,"Nick Schmaltz",Vasyy,UTA,C/RW,47,82," "," "," "," ",26,43,7,199,7,14,0,19,50,296
159,"Mattias Samuelsson","Puck Daddy",BUF,D,46,74," "," "," "," ",9,21,21,86,3,0,1,70,104,189
160,"Bobby McMann",&nbsp;,TOR,LW,46,81," "," "," "," ",27,20,8,166,5,5,0,136,29,267
161,"Simon Edvinsson",&nbsp;,DET,D,46,79," "," "," "," ",9,21,7,96,3,1,1,70,107,188
162,"Thomas Chabot",&nbsp;,OTT,D,44,67," "," "," "," ",10,26,2,100,0,11,2,28,92,186
163,"Mathew Barzal","The Sleix Blue Squad",NYI,C/RW,44,81," "," "," "," ",21,47,20,185,4,16,0,29,50,293
164,"Quinton Byfield",&nbsp;,LAK,C/LW,43,81," "," "," "," ",14,41,-2,209,4,12,2,53,42,265
165,"Aaron Ekblad",Jadakar,FLA,D,43,81," "," "," "," ",6,25,-11,120,4,3,1,70,93,185
166,"Travis Sanheim","The Sleix Blue Squad",PHI,D,42,82," "," "," "," ",9,25,10,97,1,4,1,34,107,184
167,"Artyom Levshunov",&nbsp;,CHI,D,41,80," "," "," "," ",4,38,-22,106,0,15,0,60,63,184
168,"Gabriel Vilardi","Robshet la Jaf HC",WPG,C/RW,41,80," "," "," "," ",34,39,-4,168,4,19,0,21,32,289
169,"Bryan Rust","The Sleix Blue Squad",PIT,RW,40,79," "," "," "," ",30,38,-5,191,7,29,0,22,76,315
170,"Cam York",&nbsp;,PHI,D,39,75," "," "," "," ",6,32,13,86,2,11,0,6,108,182
171,"Dmitry Orlov",&nbsp;,SJS,D,38,82," "," "," "," ",2,34,0,91,0,13,0,82,61,181
172,"Josh Manson",Zad,COL,D,38,82," "," "," "," ",3,21,33,86,1,0,0,126,68,181
173,"Elvis Merzlikins",&nbsp;,CBJ,G,38,0,1,1452,158,11," "," "," "," "," "," "," "," "," ",180
174,"Brandon Montour",Zad,SEA,D,37,57," "," "," "," ",12,20,-5,136,2,5,0,54,56,179
175,"Ivan Provorov",&nbsp;,CBJ,D,37,82," "," "," "," ",9,19,12,143,0,3,0,28,91,179
176,"Michael Matheson",&nbsp;,MTL,D,36,79," "," "," "," ",7,26,8,93,1,0,0,36,121,178
177,"Luke Hughes","El Chapo",NJD,D,36,82," "," "," "," ",7,30,-10,166,1,8,0,15,51,178
178,"Zach Hyman",Zad,EDM,LW/RW,35,63," "," "," "," ",28,24,9,166,2,18,0,72,11,256
179,"Nikita Zadorov",Vasyy,BOS,D,35,82," "," "," "," ",2,20,9,101,0,0,0,132,83,177
180,"Esa Lindell",&nbsp;,DAL,D,35,82," "," "," "," ",7,24,26,74,0,0,3,26,122,177
181,"Blake Coleman",&nbsp;,CGY,C/LW/RW,34,82," "," "," "," ",22,13,16,178,4,0,4,142,38,255
182,"Dmitri Voronkov",&nbsp;,CBJ,LW,34,82," "," "," "," ",28,24,-2,155,0,11,0,104,24,255
183,"Ryan Pulock",&nbsp;,NYI,D,34,82," "," "," "," ",2,30,14,106,0,1,1,40,104,176
184,"Sean Walker",&nbsp;,CAR,D,34,82," "," "," "," ",7,12,-8,170,0,1,1,78,82,176
185,"Alex Tuch","El Chapo",BUF,RW,34,81," "," "," "," ",23,40,12,197,2,5,3,74,81,309
186,"Jared McCann",Viens,SEA,C/LW,34,58," "," "," "," ",30,22,10,161,3,16,0,49,32,255
187,"Nazem Kadri","Puck Daddy",CGY,C,34,82," "," "," "," ",16,46,-25,255,2,20,0,48,29,282
188,"Aliaksei Protas","El Chapo",WSH,LW/RW,33,77," "," "," "," ",28,26,33,154,5,2,2,31,41,254
189,"Emil Heineman",Vasyy,NYI,LW,33,82," "," "," "," ",23,13,1,152,0,3,0,196,40,254
190,"Brock Nelson","Puck Daddy",COL,C,33,82," "," "," "," ",33,26,19,158,8,14,0,35,54,281
191,"Adin Hill",Jadakar,VGK,G,32,0,3,1245,126,10," "," "," "," "," "," "," "," "," ",175
192,"John Klingberg",Zad,SJS,D,32,65," "," "," "," ",18,14,2,96,3,11,0,35,62,174
193,"Nick Blankenburg",&nbsp;,NSH,D,30,72," "," "," "," ",11,27,-7,99,0,11,0,42,54,173
194,"Jake Mccabe",&nbsp;,TOR,D,30,81," "," "," "," ",5,21,32,47,0,0,0,72,129,172
195,"Sean Durzi","Puck Daddy",UTA,D,30,61," "," "," "," ",6,31,-23,123,2,4,0,29,92,172
196,"Matt Roy",&nbsp;,WSH,D,27,82," "," "," "," ",2,19,20,112,0,0,0,69,108,170
197,"Thomas Harley",Viens,DAL,D,25,70," "," "," "," ",4,30,-6,84,2,5,0,34,109,167
198,"Vasily Podkolzin",&nbsp;,EDM,LW/RW,25,82," "," "," "," ",19,18,7,135,6,0,0,187,36,246
199,"Joel Edmundson",&nbsp;,LAK,D,25,82," "," "," "," ",4,24,13,118,0,3,1,66,54,167
200,"Ryan O'Reilly","Jte Pete",NSH,C,24,82," "," "," "," ",23,45,2,142,9,14,2,16,56,273
201,"Ivan Barbashev",&nbsp;,VGK,LW,23,82," "," "," "," ",22,34,5,114,2,3,0,109,33,244
202,"Jared Spurgeon",&nbsp;,MIN,D,23,82," "," "," "," ",7,15,5,88,1,6,0,66,107,165
203,"Claude Giroux",&nbsp;,OTT,LW/RW,22,82," "," "," "," ",17,39,18,144,2,13,0,56,26,243
204,"Jake Allen",&nbsp;,NJD,G,21,0,2,847,94,20," "," "," "," "," "," "," "," "," ",163
205,"Ben Chiarot",&nbsp;,DET,D,20,82," "," "," "," ",7,11,-4,84,0,0,0,111,109,163
206,"Tony DeAngelo",&nbsp;,NYI,D,19,82," "," "," "," ",4,30,-3,143,0,4,0,24,50,161
207,"Damon Severson",&nbsp;,CBJ,D,18,82," "," "," "," ",6,26,7,106,1,5,0,41,54,160
208,"Neal Pionk",&nbsp;,WPG,D,18,78," "," "," "," ",4,10,0,149,1,2,0,93,70,160
209,"Joseph Woll",Jadakar,TOR,G,17,0,1,966,98,15," "," "," "," "," "," "," "," "," ",159
210,"Olen Zellweger",&nbsp;,ANA,D,16,81," "," "," "," ",9,19,10,126,1,4,0,27,54,158
211,"Mikael Backlund",&nbsp;,CGY,C/LW,14,82," "," "," "," ",19,30,25,196,2,0,3,26,21,235
212,"Valeri Nichushkin",Zad,COL,LW/RW,13,70," "," "," "," ",22,29,12,178,2,5,0,52,14,235
213,"Simon Nemec",&nbsp;,NJD,D,13,61," "," "," "," ",13,20,6,93,3,1,0,13,68,156
214,"Jake DeBrusk",&nbsp;,VAN,LW/RW,12,81," "," "," "," ",21,19,-18,229,0,18,0,56,22,233
215,"Louis Crevier",&nbsp;,CHI,D,11,81," "," "," "," ",7,17,2,108,1,0,2,78,45,153
216,"Martin Fehervary","Puck Daddy",WSH,D,10,82," "," "," "," ",5,16,13,82,0,0,0,61,104,152
217,"Anders Lee",&nbsp;,NYI,LW,10,82," "," "," "," ",18,28,4,184,4,7,0,52,34,231
218,"Alex Laferriere","Jte Pete",LAK,RW,9,82," "," "," "," ",22,20,9,200,2,2,3,173,35,284
219,"Jamie Drysdale",&nbsp;,PHI,D,8,80," "," "," "," ",6,31,1,90,1,3,0,15,60,151
220,"Charlie Lindgren","Jte Pete",WSH,G,8,0,1,959,93,12," "," "," "," "," "," "," "," "," ",151
221,"Lawson Crouse","The Sleix Blue Squad",UTA,LW/RW,8,82," "," "," "," ",18,17,11,126,3,0,1,157,44,229
222,"Pavel Zacha",&nbsp;,BOS,C/LW,8,81," "," "," "," ",20,33,-13,126,2,21,0,65,26,229
223,"Devon Toews",&nbsp;,COL,D,8,74," "," "," "," ",2,19,31,140,0,0,0,17,70,150
224,"Frederik Andersen",&nbsp;,CAR,G,7,0,1,843,71,12," "," "," "," "," "," "," "," "," ",150
225,"Boone Jenner","ALL EYES ON YOU",CBJ,C/LW,5,65," "," "," "," ",13,28,-2,141,2,5,2,113,50,227
226,"Troy Terry",Zad,ANA,RW,5,79," "," "," "," ",22,50,10,174,2,15,7,0,22,280
227,"Kevin Lankinen",&nbsp;,VAN,G,5,0,1,924,105,16," "," "," "," "," "," "," "," "," ",148
228,"Dylan Holloway","Puck Daddy",STL,C/LW,5,63," "," "," "," ",17,19,-17,162,2,5,0,143,41,226
229,"Vincent Trocheck","Puck Daddy",NYR,C,4,68," "," "," "," ",20,29,-14,100,2,11,0,180,43,253
230,"Parker Wotherspoon",&nbsp;,PIT,D,4,82," "," "," "," ",3,21,1,59,1,0,1,96,73,146
231,"Josh Doan",&nbsp;,BUF,RW,3,82," "," "," "," ",29,29,-9,211,2,16,0,66,23,279
232,"Jakub Dobes",&nbsp;,MTL,G,3,0,1,499,50,23," "," "," "," "," "," "," "," "," ",146
233,"Mason Lohrei",&nbsp;,BOS,D,3,77," "," "," "," ",6,26,7,64,0,6,0,28,71,145
234,"Brayden Point","El Chapo",TBL,C,2,75," "," "," "," ",24,39,2,185,0,12,0,8,27,251
235,"Dylan Strome","Robshet la Jaf HC",WSH,C,2,80," "," "," "," ",19,43,15,144,2,15,0,17,47,251
236,"Vladislav Gavrikov",&nbsp;,NYR,D,1,82," "," "," "," ",11,12,2,96,1,1,0,27,86,144
237,"Hampus Lindholm",&nbsp;,BOS,D,1,68," "," "," "," ",6,20,-9,120,3,5,0,5,80,144
238,"Alex Nedeljkovic",&nbsp;,SJS,G,1,0,0,1074,119,12," "," "," "," "," "," "," "," "," ",144
239,"Dylan DeMelo",&nbsp;,WPG,D,1,82," "," "," "," ",3,22,15,46,0,0,1,80,75,143
240,"Mario Ferraro",&nbsp;,SJS,D,1,82," "," "," "," ",5,12,-7,82,0,0,0,91,95,143
241,"Anton Forsberg",&nbsp;,LAK,G,0,0,3,810,83,13," "," "," "," "," "," "," "," "," ",143
242,"Adam Larsson",&nbsp;,SEA,D,0,82," "," "," "," ",4,12,0,86,1,0,0,69,109,143
243,"Joel Hofer",Zad,STL,G,-0,0,0,737,73,17," "," "," "," "," "," "," "," "," ",142
244,"Axel Sandin-Pellikka",&nbsp;,DET,D,-1,82," "," "," "," ",9,24,-25,101,0,8,0,17,59,141
245,"Owen Power",&nbsp;,BUF,D,-1,81," "," "," "," ",6,21,-3,116,0,0,3,28,47,141
246,"Logan Stanley",&nbsp;,WPG,D,-2,81," "," "," "," ",12,10,-1,75,1,0,0,82,53,141
247,"John Marino",&nbsp;,UTA,D,-2,82," "," "," "," ",5,28,29,60,1,0,1,17,53,141
248,"Ryan Leonard","ALL EYES ON YOU",WSH,RW,-2,75," "," "," "," ",20,36,17,171,4,13,0,94,24,273
249,"Jonas Brodin",&nbsp;,MIN,D,-2,77," "," "," "," ",5,20,21,63,1,0,0,10,110,140
250,"Drew Doughty","Jte Pete",LAK,D,-2,73," "," "," "," ",6,20,7,106,0,1,1,22,60,140
251,"Zeev Buium",&nbsp;,VAN,D,-3,82," "," "," "," ",8,28,-17,76,1,16,0,17,34,139
252,"Jordan Eberle",&nbsp;,SEA,RW,-3,82," "," "," "," ",28,25,13,183,5,19,0,52,34,272
253,"Noah Cates",&nbsp;,PHI,C,-3,82," "," "," "," ",20,27,27,144,5,9,0,64,52,246
254,"Chris Kreider",&nbsp;,ANA,LW,-3,78," "," "," "," ",27,17,-9,151,2,14,0,54,23,218
255,"Connor McMichael","El Chapo",WSH,LW,-4,82," "," "," "," ",10,40,8,170,2,3,0,36,39,217
256,"Akira Schmid","The Sleix Blue Squad",VGK,G,-4,0,2,682,86,20," "," "," "," "," "," "," "," "," ",138
257,"Evander Kane",&nbsp;,VAN,LW,-5,81," "," "," "," ",12,26,-18,200,1,7,0,102,22,217
258,"Radko Gudas",&nbsp;,ANA,D,-5,69," "," "," "," ",2,13,-6,74,0,0,0,126,70,137
259,"Jason Zucker",&nbsp;,BUF,LW,-6,63," "," "," "," ",25,24,-22,136,2,22,0,53,10,216
260,"JJ Peterka","Jte Pete",UTA,LW/RW,-6,82," "," "," "," ",26,24,10,159,3,3,0,18,19,215
261,"Ian Cole",&nbsp;,UTA,D,-6,82," "," "," "," ",3,18,18,46,0,0,0,56,104,136
262,"Casey Desmith","The Sleix Blue Squad",DAL,G,-6,0,1,678,71,17," "," "," "," "," "," "," "," "," ",137
263,"Tyler Toffoli",&nbsp;,SJS,LW/RW,-6,82," "," "," "," ",18,29,-3,165,0,9,0,42,32,215
264,"Artem Zub",&nbsp;,OTT,D,-6,81," "," "," "," ",5,17,10,77,0,0,0,56,72,136
265,"Pavel Mintyukov",&nbsp;,ANA,D,-8,77," "," "," "," ",10,13,-3,82,3,1,0,26,82,135
266,"Jordan Spence",&nbsp;,OTT,D,-8,71," "," "," "," ",4,27,14,88,0,0,0,33,32,134
267,"Brenden Dillon",&nbsp;,NJD,D,-8,82," "," "," "," ",5,12,-8,50,2,0,1,120,68,134
268,"Alex Petrovic",&nbsp;,DAL,D,-9,79," "," "," "," ",4,12,1,93,0,0,0,78,70,133
269,"Rasmus Sandin",&nbsp;,WSH,D,-9,76," "," "," "," ",3,18,10,66,0,0,0,61,80,133
270,"Leevi Merilainen",&nbsp;,OTT,G,-10,0,2,569,45,14," "," "," "," "," "," "," "," "," ",133
271,"Michael Bunting",&nbsp;,NSH,LW,-10,82," "," "," "," ",22,28,-8,140,0,13,0,38,22,211
272,"Alex Lyon",&nbsp;,BUF,G,-11,0,1,685,73,16," "," "," "," "," "," "," "," "," ",132
273,"Alex Steeves",&nbsp;,BOS,LW,-11,61," "," "," "," ",20,13,7,83,0,5,2,165,32,211
274,"Anthony Cirelli",&nbsp;,TBL,C,-11,78," "," "," "," ",23,25,35,140,3,5,3,42,37,238
275,"JT Miller",Jadakar,NYR,C/RW,-11,70," "," "," "," ",21,25,-19,159,5,8,0,125,20,238
276,"Adam Fantilli","Robshet la Jaf HC",CBJ,C,-11,82," "," "," "," ",21,25,-16,202,3,6,0,68,40,238
277,"Brandon Bussi",Viens,CAR,G,-11,0,0,156,16,29," "," "," "," "," "," "," "," "," ",131
278,"Braden Schneider",&nbsp;,NYR,D,-12,82," "," "," "," ",3,10,-8,78,0,0,0,105,81,131
279,"Nick Seeler",&nbsp;,PHI,D,-12,82," "," "," "," ",2,8,-3,106,0,0,0,79,89,130
280,"Rickard Rakell","ALL EYES ON YOU",PIT,C/LW/RW,-12,62," "," "," "," ",15,23,0,147,0,10,2,67,46,209
281,"Pyotr Kochetkov",&nbsp;,CAR,G,-12,0,2,1011,104,6," "," "," "," "," "," "," "," "," ",130
282,"Andre Burakovsky",&nbsp;,CHI,LW,-13,74," "," "," "," ",20,38,-16,106,2,18,0,19,26,208
283,"Brady Skjei",&nbsp;,NSH,D,-13,82," "," "," "," ",2,20,-16,132,0,2,0,40,51,129
284,"Cam Fowler",&nbsp;,STL,D,-13,82," "," "," "," ",2,26,-23,117,0,10,1,8,51,129
285,"Robert Thomas",Jadakar,STL,C,-13,78," "," "," "," ",21,41,-4,122,0,14,4,13,41,235
286,"Ivan Demidov","The Sleix Blue Squad",MTL,RW,-14,82," "," "," "," ",20,51,11,118,4,18,0,33,29,262
287,"Ben Hutton",&nbsp;,VGK,D,-15,72," "," "," "," ",12,11,0,102,1,0,0,20,48,127
288,"Gabriel Landeskog",&nbsp;,COL,LW,-16,73," "," "," "," ",12,25,25,148,1,4,0,82,25,206
289,"Jaden Schwartz",&nbsp;,SEA,C/LW,-17,62," "," "," "," ",21,18,12,126,4,6,2,49,39,205
290,"Nate Schmidt",&nbsp;,UTA,D,-17,82," "," "," "," ",3,18,20,68,0,0,0,52,56,125
291,"Ryan Shea",&nbsp;,PIT,D,-18,82," "," "," "," ",3,24,19,49,0,0,0,29,67,125
292,"Mason McTavish",&nbsp;,ANA,C,-18,82," "," "," "," ",19,30,-12,167,3,9,0,69,34,231
293,"Gustav Forsling",&nbsp;,FLA,D,-18,82," "," "," "," ",2,21,-4,99,0,0,0,38,58,124
294,"Elias Lindholm",Vasyy,BOS,C,-19,72," "," "," "," ",14,39,-5,114,2,25,0,46,54,230
295,"Viktor Arvidsson",&nbsp;,BOS,LW/RW,-19,70," "," "," "," ",18,24,2,168,5,9,0,17,28,202
296,"Jake Neighbours",&nbsp;,STL,LW/RW,-20,70," "," "," "," ",22,16,-22,97,3,3,0,147,27,201
297,"Kaedan Korczak",&nbsp;,VGK,D,-20,82," "," "," "," ",5,11,9,60,0,0,0,72,69,122
298,"Daniil Tarasov",&nbsp;,CBJ,G,-21,0,2,764,75,9," "," "," "," "," "," "," "," "," ",122
299,"Fabian Zetterlund",&nbsp;,OTT,LW/RW,-21,82," "," "," "," ",19,15,-7,141,3,7,0,102,23,200
300,"Philip Broberg",&nbsp;,STL,D,-21,82," "," "," "," ",3,19,-1,83,0,0,0,20,83,121
301,"Adam Pelech",&nbsp;,NYI,D,-22,82," "," "," "," ",5,6,10,104,2,0,0,31,81,120
302,"Yan Kuznetsov",&nbsp;,CGY,D,-22,68," "," "," "," ",7,11,-3,65,1,0,1,61,63,120
303,"Justin Brazeau",&nbsp;,PIT,RW,-22,68," "," "," "," ",31,21,7,122,7,7,0,90,39,253
304,"Colton Parayko",&nbsp;,STL,D,-22,82," "," "," "," ",0,18,-9,48,0,0,0,51,122,120
305,"Jamie Oleksiak",&nbsp;,SEA,D,-25,80," "," "," "," ",5,8,11,70,1,0,0,59,71,118
306,"Marcus Johansson",&nbsp;,MIN,LW,-25,66," "," "," "," ",18,29,27,95,5,10,1,24,15,196
307,"Jonathan Huberdeau",&nbsp;,CGY,C/LW,-25,77," "," "," "," ",17,27,-8,136,3,8,0,35,39,196
308,"Eric Comrie",&nbsp;,WPG,G,-25,0,1,547,56,15," "," "," "," "," "," "," "," "," ",117
309,"Logan Stankoven",&nbsp;,CAR,C/RW,-26,82," "," "," "," ",19,25,8,214,2,5,0,30,19,223
310,"Ross Colton",&nbsp;,COL,C/LW,-26,82," "," "," "," ",9,19,12,161,3,0,0,117,24,195
311,"Jake Walman",&nbsp;,EDM,D,-26,49," "," "," "," ",8,17,-6,61,2,2,2,13,58,116
312,"Shane Pinto",&nbsp;,OTT,C,-26,72," "," "," "," ",25,19,2,150,2,2,2,65,36,222
313,"Samuel Ersson",&nbsp;,PHI,G,-27,0,2,805,101,12," "," "," "," "," "," "," "," "," ",116
314,"Mikey Anderson",&nbsp;,LAK,D,-27,82," "," "," "," ",4,10,8,66,0,0,0,58,75,116
315,"Beckett Sennecke","Robshet la Jaf HC",ANA,RW,-27,82," "," "," "," ",25,33,-10,159,0,8,2,69,22,248
316,"Samuel Girard",&nbsp;,COL,D,-27,67," "," "," "," ",7,19,17,56,2,0,0,16,42,115
317,"Andrew Peeke",&nbsp;,BOS,D,-28,79," "," "," "," ",6,6,-13,75,0,0,0,60,91,114
318,"David Perron",&nbsp;,OTT,LW/RW,-28,82," "," "," "," ",15,24,-1,118,1,10,0,81,24,193
319,"Tyler Myers",&nbsp;,VAN,D,-29,82," "," "," "," ",2,11,-16,90,0,0,0,58,86,114
320,"Will Smith",&nbsp;,SJS,C/RW,-29,60," "," "," "," ",22,31,9,147,5,14,0,12,12,220
321,"Mason Marchment",&nbsp;,CBJ,LW,-29,74," "," "," "," ",18,22,0,122,3,8,0,67,19,192
322,"Dawson Mercer",&nbsp;,NJD,C/RW,-30,82," "," "," "," ",19,25,10,156,1,9,3,29,43,219
323,"Kevin Bahl",&nbsp;,CGY,D,-30,81," "," "," "," ",5,6,11,60,2,0,0,68,67,113
324,"Victor Hedman","Jte Pete",TBL,D,-31,45," "," "," "," ",0,30,0,25,0,12,0,16,58,112
325,"Niko Mikkola",&nbsp;,FLA,D,-31,82," "," "," "," ",2,8,7,87,0,0,0,77,51,112
326,"Christian Dvorak",&nbsp;,PHI,C,-31,80," "," "," "," ",18,33,15,156,2,0,0,28,37,218
327,"Patrick Kane",Zad,DET,RW,-31,67," "," "," "," ",14,42,2,192,4,19,0,15,27,244
328,"Matty Beniers","Robshet la Jaf HC",SEA,C,-32,82," "," "," "," ",13,37,3,137,2,13,0,27,55,217
329,"Brayden McNabb",&nbsp;,VGK,D,-32,70," "," "," "," ",4,2,-6,66,1,0,0,68,106,110
330,"Erik Haula",&nbsp;,NSH,C/LW,-32,80," "," "," "," ",12,27,-12,119,0,12,1,75,33,189
331,"Jeremy Lauzon",&nbsp;,VGK,D,-33,68," "," "," "," ",0,12,3,24,0,0,0,127,58,109
332,"Eetu Luostarinen",&nbsp;,FLA,LW,-33,74," "," "," "," ",8,27,0,110,0,2,2,111,39,188
333,"Luke Evangelista",&nbsp;,NSH,RW,-34,81," "," "," "," ",12,48,12,184,0,19,0,12,15,241
334,"David Rittich",&nbsp;,NYI,G,-34,0,0,342,36,19," "," "," "," "," "," "," "," "," ",108
335,"Philipp Grubauer",&nbsp;,SEA,G,-34,0,0,566,69,16," "," "," "," "," "," "," "," "," ",108
336,"Emil Andrae",&nbsp;,PHI,D,-35,71," "," "," "," ",2,20,18,48,0,1,0,45,36,108
337,"Joel Farabee",&nbsp;,CGY,LW/RW,-36,82," "," "," "," ",18,16,-11,144,0,4,4,45,42,185
338,"Anthony Mantha",&nbsp;,PIT,RW,-36,75," "," "," "," ",26,28,13,143,0,13,0,35,35,239
339,"Pavel Buchnevich",&nbsp;,STL,C/LW/RW,-37,82," "," "," "," ",13,31,-16,141,1,12,0,31,24,184
340,"Alexandre Carrier",&nbsp;,MTL,D,-37,82," "," "," "," ",2,15,-7,58,0,0,0,23,101,105
341,"Ryan Hartman",&nbsp;,MIN,C/RW,-37,78," "," "," "," ",21,14,-6,159,4,7,0,55,67,211
342,"Calvin Pickard",Viens,EDM,G,-38,0,1,733,78,8," "," "," "," "," "," "," "," "," ",105
343,"Nicolas Hague",&nbsp;,NSH,D,-38,74," "," "," "," ",4,16,-8,50,1,0,1,63,40,104
344,"Jonas Johansson",&nbsp;,TBL,G,-39,0,0,461,61,18," "," "," "," "," "," "," "," "," ",103
345,"Jacob Middleton",&nbsp;,MIN,D,-39,75," "," "," "," ",2,13,-1,58,0,0,0,60,60,103
346,"Charlie Coyle",&nbsp;,CBJ,C/RW,-40,82," "," "," "," ",12,36,-5,110,0,5,0,94,42,209
347,"Joonas Korpisalo",&nbsp;,BOS,G,-40,0,2,593,76,13," "," "," "," "," "," "," "," "," ",103
348,"Ryan Donato",&nbsp;,CHI,C/LW/RW,-40,82," "," "," "," ",19,16,-15,144,3,3,0,74,15,181
349,"Connor Murphy",&nbsp;,CHI,D,-41,82," "," "," "," ",2,10,-3,76,0,0,0,47,69,101
350,"Dante Fabbro",&nbsp;,CBJ,D,-41,82," "," "," "," ",4,7,-16,82,0,0,0,40,85,101
351,"Matthew Robertson",&nbsp;,NYR,D,-42,72," "," "," "," ",4,10,0,58,0,0,0,63,49,100
352,"Alex Wennberg",&nbsp;,SJS,C,-43,82," "," "," "," ",14,40,-16,89,3,12,0,20,84,206
353,"Yakov Trenin",&nbsp;,MIN,C,-43,82," "," "," "," ",5,18,10,90,1,0,0,253,30,206
354,"Carson Soucy",&nbsp;,NYR,D,-43,78," "," "," "," ",5,4,8,57,0,0,0,66,58,99
355,"Ty Emberson",&nbsp;,EDM,D,-43,77," "," "," "," ",2,9,4,46,1,0,0,61,74,99
356,"Logan Cooley",&nbsp;,UTA,C,-43,57," "," "," "," ",26,17,10,110,2,7,2,57,22,206
357,"Wyatt Kaiser",&nbsp;,CHI,D,-44,82," "," "," "," ",7,8,-2,80,1,0,0,30,44,99
358,"Tyler Tucker",&nbsp;,STL,D,-44,77," "," "," "," ",4,11,-7,82,0,0,0,55,32,98
359,"Jack Quinn",&nbsp;,BUF,RW,-45,82," "," "," "," ",17,36,-7,185,4,4,0,39,33,230
360,"Ryan Lindgren",&nbsp;,SEA,D,-45,82," "," "," "," ",2,9,7,60,1,0,1,28,79,97
361,"Michael Carcone",&nbsp;,UTA,LW,-45,80," "," "," "," ",15,13,-3,158,0,1,0,94,12,176
362,"Fraser Minten",&nbsp;,BOS,C,-46,82," "," "," "," ",16,17,12,110,3,1,1,122,40,203
363,"Arturs Silovs","Robshet la Jaf HC",PIT,G,-46,0,1,556,79,15," "," "," "," "," "," "," "," "," ",96
364,"Zach Benson",&nbsp;,BUF,LW,-46,69," "," "," "," ",9,30,9,122,5,9,2,21,20,175
365,"Tanner Jeannot",&nbsp;,BOS,LW/RW,-47,78," "," "," "," ",7,21,-3,77,1,1,0,159,41,174
366,"Brett Pesce",&nbsp;,NJD,D,-47,58," "," "," "," ",3,12,-7,79,0,0,0,10,74,95
367,"Arvid Soderblom",&nbsp;,CHI,G,-48,0,0,935,128,9," "," "," "," "," "," "," "," "," ",95
368,"William Borgen",&nbsp;,NYR,D,-48,75," "," "," "," ",4,3,3,72,2,0,0,61,49,94
369,"Linus Karlsson",&nbsp;,VAN,C,-50,79," "," "," "," ",22,20,-5,128,2,3,0,87,11,199
370,"Luke Schenn",&nbsp;,WPG,D,-50,69," "," "," "," ",2,9,-7,46,0,0,0,97,36,92
371,"Ilya Lyubushkin",&nbsp;,DAL,D,-50,67," "," "," "," ",2,10,0,40,0,0,0,58,67,92
372,"Scott Mayfield",&nbsp;,NYI,D,-50,80," "," "," "," ",2,7,1,80,0,0,0,40,58,92
373,"Oliver Kapanen",&nbsp;,MTL,C,-51,82," "," "," "," ",24,16,3,132,1,1,3,22,57,198
374,"Sam Dickinson",&nbsp;,SJS,D,-51,73," "," "," "," ",3,10,-3,91,0,0,0,33,35,91
375,"Sean Monahan",&nbsp;,CBJ,C,-51,78," "," "," "," ",13,30,-6,149,3,13,0,39,26,198
376,"Alexandre Texier",&nbsp;,MTL,LW/RW,-51,68," "," "," "," ",13,25,8,130,0,0,0,49,13,170
377,"Alex Iafallo",&nbsp;,WPG,C/LW/RW,-52,82," "," "," "," ",14,13,1,114,1,5,1,78,40,169
378,"Brian Dumoulin",&nbsp;,LAK,D,-52,82," "," "," "," ",0,16,7,41,0,0,1,24,66,90
379,"Alex Vlasic",&nbsp;,CHI,D,-53,81," "," "," "," ",3,14,-14,54,0,0,0,20,75,90
380,"Teuvo Teravainen",&nbsp;,CHI,LW/RW,-53,81," "," "," "," ",17,22,-16,98,1,16,0,24,39,168
381,"Jesper Wallstedt","Jte Pete",MIN,G,-53,0,0,144,19,20," "," "," "," "," "," "," "," "," ",90
382,"Nicholas Robertson",&nbsp;,TOR,RW,-53,80," "," "," "," ",20,26,0,154,2,5,0,70,34,222
383,"Bobby Brink",&nbsp;,PHI,RW,-53,82," "," "," "," ",23,19,-2,148,5,6,0,80,35,222
384,"Evan Rodrigues",&nbsp;,FLA,C/LW/RW,-53,82," "," "," "," ",13,18,-5,153,0,3,0,58,21,168
385,"Simon Benoit",&nbsp;,TOR,D,-53,77," "," "," "," ",0,7,-3,22,0,0,0,107,63,89
386,"Petr Mrazek",&nbsp;,ANA,G,-53,0,1,748,80,4," "," "," "," "," "," "," "," "," ",90
387,"Emmitt Finnie",&nbsp;,DET,C,-53,82," "," "," "," ",16,17,-8,140,1,11,0,87,37,196
388,"Drew Helleson",&nbsp;,ANA,D,-53,76," "," "," "," ",3,11,-9,41,0,0,2,43,62,89
389,"Vladimir Tarasenko",&nbsp;,MIN,LW/RW,-54,75," "," "," "," ",14,22,-7,119,1,10,0,43,23,168
390,"Taylor Hall",&nbsp;,CAR,LW,-54,82," "," "," "," ",14,22,5,123,1,4,0,36,26,168
391,"Anthony Duclair",&nbsp;,NYI,LW,-54,79," "," "," "," ",16,24,8,114,2,3,0,5,37,167
392,"Mark Kastelic",&nbsp;,BOS,C/RW,-54,82," "," "," "," ",12,13,4,116,3,1,0,151,50,195
393,"Liam Ohgren",&nbsp;,VAN,LW,-54,69," "," "," "," ",14,9,-5,177,0,0,0,71,26,167
394,"Ryker Evans",&nbsp;,SEA,D,-54,66," "," "," "," ",6,14,3,40,0,1,0,22,37,88
395,"Mackie Samoskevich",&nbsp;,FLA,RW,-54,80," "," "," "," ",8,30,-8,181,0,11,0,119,24,221
396,"Matt Grzelcyk",&nbsp;,CHI,D,-55,82," "," "," "," ",0,18,4,49,0,2,1,25,39,87
397,"Cody Ceci",&nbsp;,LAK,D,-55,82," "," "," "," ",2,10,1,66,0,0,1,21,59,87
398,"Chandler Stephenson",&nbsp;,SEA,C,-56,82," "," "," "," ",19,27,-7,105,1,15,1,16,48,193
399,"Zach Whitecloud",&nbsp;,CGY,D,-56,82," "," "," "," ",2,6,-12,56,0,0,0,69,60,86
400,"Andrew Copp",&nbsp;,DET,C/LW,-57,82," "," "," "," ",10,28,-7,105,0,8,0,38,42,165
401,"Conor Garland",&nbsp;,VAN,RW,-57,70," "," "," "," ",15,32,-18,167,2,16,2,42,30,218
402,"Justus Annunen",&nbsp;,NSH,G,-58,0,0,588,61,7," "," "," "," "," "," "," "," "," ",85
403,"Uvis Balinskis",&nbsp;,FLA,D,-58,73," "," "," "," ",2,11,2,58,0,0,0,53,27,84
404,"Ryan McDonagh",&nbsp;,TBL,D,-58,42," "," "," "," ",9,9,2,36,0,0,0,14,45,84
405,"Andrei Kuzmenko",&nbsp;,LAK,LW/RW,-58,77," "," "," "," ",20,15,-3,109,2,12,0,27,15,163
406,"Sean Couturier",&nbsp;,PHI,C,-59,81," "," "," "," ",9,35,3,119,2,2,0,60,39,190
407,"Jonas Siegenthaler",&nbsp;,NJD,D,-59,82," "," "," "," ",0,7,-10,38,0,0,1,65,77,83
408,"Arber Xhekaj",&nbsp;,MTL,D,-59,78," "," "," "," ",2,2,-5,58,0,0,0,101,29,83
409,"Victor Olofsson",&nbsp;,COL,LW/RW,-60,82," "," "," "," ",13,21,1,148,3,8,0,10,14,161
410,"Matt Coronato",&nbsp;,CGY,RW,-60,81," "," "," "," ",22,26,-27,200,3,13,0,14,22,215
411,"Jonathan Quick",&nbsp;,NYR,G,-60,0,1,586,59,5," "," "," "," "," "," "," "," "," ",82
412,"Jalen Chatfield",&nbsp;,CAR,D,-60,75," "," "," "," ",0,15,10,49,0,0,0,23,45,82
413,"Marcus Pettersson",&nbsp;,VAN,D,-61,82," "," "," "," ",1,12,-1,32,0,0,0,33,72,81
414,"Parker Kelly",&nbsp;,COL,C/LW,-61,82," "," "," "," ",13,10,11,89,2,0,1,107,33,160
415,"Mike Reilly",&nbsp;,CAR,D,-61,52," "," "," "," ",2,9,7,84,0,0,1,15,30,81
416,"Marco Rossi",&nbsp;,VAN,C,-61,63," "," "," "," ",16,31,-25,115,0,11,0,36,46,187
417,"Nick Perbix",&nbsp;,NSH,D,-62,79," "," "," "," ",5,7,-12,70,0,0,0,23,51,81
418,"Emil Martinsen Lilleberg",&nbsp;,TBL,D,-62,56," "," "," "," ",3,7,11,33,0,0,0,60,37,81
419,"Timothy Liljegren",&nbsp;,SJS,D,-62,68," "," "," "," ",0,14,-12,19,0,2,0,36,86,80
420,"Morgan Barron",&nbsp;,WPG,C,-62,76," "," "," "," ",14,14,8,116,3,0,3,115,29,187
421,"Logan Mailloux",&nbsp;,STL,D,-62,61," "," "," "," ",4,4,-23,117,0,0,0,39,22,80
422,"Nino Niederreiter",&nbsp;,WPG,LW/RW,-63,81," "," "," "," ",12,18,-7,110,1,7,0,78,17,159
423,"Jeff Petry",&nbsp;,FLA,D,-63,80," "," "," "," ",0,15,-4,34,0,2,0,40,49,79
424,"Vitek Vanecek",&nbsp;,UTA,G,-64,0,1,600,65,5," "," "," "," "," "," "," "," "," ",79
425,"Morgan Frost",&nbsp;,CGY,C,-64,82," "," "," "," ",16,21,-14,160,3,10,0,35,28,185
426,"Nick Jensen",&nbsp;,OTT,D,-64,81," "," "," "," ",3,14,-14,41,0,0,0,32,48,78
427,"Marco Kasper",&nbsp;,DET,C/LW,-64,81," "," "," "," ",8,8,-21,163,0,2,0,118,32,157
428,"Jackson Blake",&nbsp;,CAR,RW,-65,82," "," "," "," ",23,23,-5,173,3,11,0,14,23,211
429,"Ben Kindel",&nbsp;,PIT,C,-65,79," "," "," "," ",16,19,-16,158,0,13,0,23,51,184
430,"Ivan Prosvetov",&nbsp;,CGY,G,-65,0,1,792,85,0," "," "," "," "," "," "," "," "," ",77
431,"Tyler Kleven",&nbsp;,OTT,D,-65,77," "," "," "," ",0,9,-13,44,0,0,0,60,59,77
432,"Matvei Michkov",&nbsp;,PHI,RW,-66,81," "," "," "," ",19,30,0,165,0,8,0,28,17,209
433,"Max Domi",&nbsp;,TOR,C/LW,-66,80," "," "," "," ",8,30,-18,120,3,6,0,32,25,155
434,"Noah Juulsen",&nbsp;,PHI,D,-66,65," "," "," "," ",2,9,2,38,0,0,0,66,23,76
435,"Anze Kopitar",&nbsp;,LAK,C,-68,76," "," "," "," ",11,29,18,90,2,11,0,29,51,181
436,"AJ Greer",&nbsp;,FLA,LW,-68,82," "," "," "," ",11,12,6,85,0,0,0,131,17,153
437,"Yegor Chinakhov",&nbsp;,PIT,LW/RW,-68,71," "," "," "," ",14,14,-10,147,2,0,0,52,16,153
438,"Connor Ingram",Viens,EDM,G,-70,0,0,265,28,12," "," "," "," "," "," "," "," "," ",73
439,"Anthony Beauvillier",&nbsp;,WSH,LW,-70,80," "," "," "," ",12,9,6,136,3,0,0,68,24,151
440,"Brayden Schenn",&nbsp;,STL,C,-71,82," "," "," "," ",16,16,-28,110,3,4,0,129,24,178
441,"Beck Malenstyn",&nbsp;,BUF,LW,-71,81," "," "," "," ",6,9,-7,78,0,0,0,167,50,151
442,"Justin Sourdif",&nbsp;,FLA,RW,-71,81," "," "," "," ",18,22,20,128,0,2,0,80,27,204
443,"Shane Wright",&nbsp;,SEA,C,-72,82," "," "," "," ",15,17,3,137,3,4,0,45,42,177
444,"Trevor Moore",&nbsp;,LAK,LW/RW,-72,77," "," "," "," ",10,17,0,134,1,0,3,30,32,149
445,"Nils Lundkvist",&nbsp;,DAL,D,-72,42," "," "," "," ",6,5,7,45,0,0,0,23,28,70
446,"Jordan Harris",&nbsp;,BOS,D,-72,37," "," "," "," ",7,7,0,63,0,0,0,14,10,70
447,"Jack Roslovic",&nbsp;,EDM,C/RW,-72,69," "," "," "," ",23,15,-5,134,5,8,0,19,14,176
448,"Drew O'Connor",&nbsp;,VAN,LW,-74,82," "," "," "," ",18,11,1,95,1,0,3,43,22,148
449,"Oliver Bjorkstrand",&nbsp;,TBL,RW,-74,82," "," "," "," ",13,30,-9,148,2,12,0,56,28,201
450,"Zachary Bolduc",&nbsp;,MTL,RW,-75,82," "," "," "," ",20,14,-8,126,3,7,0,112,28,200
451,"Jonathan Drouin",&nbsp;,NYI,LW/RW,-75,71," "," "," "," ",6,33,5,102,0,6,0,11,22,147
452,"Peyton Krebs",&nbsp;,BUF,C,-75,82," "," "," "," ",6,24,-3,98,1,1,0,136,35,174
453,"Troy Stecher",&nbsp;,TOR,D,-75,69," "," "," "," ",3,10,13,34,0,0,0,16,29,67
454,"Josh Norris",&nbsp;,BUF,C,-75,54," "," "," "," ",17,31,-3,75,3,16,0,13,20,174
455,"Brock Boeser",&nbsp;,VAN,RW,-75,80," "," "," "," ",19,24,-36,184,3,11,0,35,28,200
456,"Erik Cernak",&nbsp;,TBL,D,-77,63," "," "," "," ",0,7,0,14,0,0,1,57,53,66
457,"Jonathan Aspirot",&nbsp;,BOS,D,-77,57," "," "," "," ",5,0,10,38,0,0,0,42,33,65
458,"Jack McBain",&nbsp;,UTA,C/LW,-77,82," "," "," "," ",5,10,-3,72,1,0,0,166,36,144
459,"Mavrik Bourque",&nbsp;,DAL,C/RW,-77,82," "," "," "," ",17,16,-11,177,0,3,0,34,17,172
460,"Michael Eyssimont",&nbsp;,BOS,C/LW,-77,78," "," "," "," ",11,15,-8,143,1,5,0,38,16,144
461,"Ryan McLeod",&nbsp;,BUF,C,-78,82," "," "," "," ",15,28,7,97,1,4,4,15,22,171
462,"Eric Robinson",&nbsp;,CAR,LW,-78,76," "," "," "," ",17,8,5,96,3,0,1,69,7,143
463,"Jordan Staal",&nbsp;,CAR,C,-78,79," "," "," "," ",19,12,-1,91,0,3,0,98,29,171
464,"Conor Timmins",&nbsp;,BUF,D,-79,55," "," "," "," ",0,8,-12,33,0,0,0,27,74,64
465,"Albert Johansson",&nbsp;,DET,D,-79,82," "," "," "," ",0,9,-14,29,0,0,0,37,65,63
466,"Adam Wilsby",&nbsp;,NSH,D,-79,68," "," "," "," ",2,10,-4,54,0,0,0,14,30,63
467,"Sam Rinzel",&nbsp;,CHI,D,-80,38," "," "," "," ",1,10,0,38,0,0,0,29,32,63
468,"Joel Hanley",&nbsp;,CGY,D,-80,79," "," "," "," ",0,9,-2,27,0,0,0,27,59,62
469,"Mikael Granlund",&nbsp;,ANA,C/LW/RW,-80,64," "," "," "," ",14,21,-17,98,0,5,0,29,24,141
470,"Dylan Samberg",&nbsp;,WPG,D,-80,62," "," "," "," ",0,8,1,36,0,0,0,25,52,62
471,"Connor Zary",&nbsp;,CGY,C/LW/RW,-81,80," "," "," "," ",13,16,-4,113,1,4,0,38,14,140
472,"lian Bichsel",&nbsp;,DAL,D,-81,44," "," "," "," ",1,3,6,9,0,0,0,88,25,61
473,"Cole Sillinger",&nbsp;,CBJ,C/RW,-82,81," "," "," "," ",7,29,0,106,1,7,0,67,26,167
474,"Jayden Struble",&nbsp;,MTL,D,-84,73," "," "," "," ",0,11,-6,11,0,0,0,70,18,59
475,"Jordan Martinook",&nbsp;,CAR,LW,-84,79," "," "," "," ",10,11,2,88,2,0,1,80,32,137
476,"Casey Cizikas",&nbsp;,NYI,C/LW,-84,82," "," "," "," ",10,11,0,56,0,0,0,115,41,137
477,"Vladislav Namestnikov",&nbsp;,WPG,C/LW,-85,82," "," "," "," ",14,4,-10,124,1,2,0,65,31,136
478,"Zach Bogosian",&nbsp;,MIN,D,-85,57," "," "," "," ",2,6,9,40,0,0,0,23,23,57
479,"Brett Howden",&nbsp;,VGK,C/LW,-86,78," "," "," "," ",15,12,-8,75,0,0,0,89,12,135
480,"Matias Maccelli",&nbsp;,TOR,LW,-86,69," "," "," "," ",15,24,-7,70,2,5,0,10,17,135
481,"Shakir Mukhamadullin",&nbsp;,SJS,D,-86,59," "," "," "," ",4,7,-5,36,0,0,0,13,33,56
482,"Jamie Benn",&nbsp;,DAL,C/LW,-87,57," "," "," "," ",15,14,8,75,0,0,0,56,13,135
483,"Jacob Bernard-Docker",&nbsp;,DET,D,-87,63," "," "," "," ",0,5,2,22,0,0,0,42,47,55
484,"Trevor Van Riemsdyk",&nbsp;,WSH,D,-87,71," "," "," "," ",2,8,-4,36,0,0,0,3,49,55
485,"Spencer Stastney",&nbsp;,EDM,D,-87,81," "," "," "," ",1,8,-2,40,0,0,1,9,38,55
486,"Brett Kulak",&nbsp;,PIT,D,-88,82," "," "," "," ",0,7,-8,42,0,0,0,6,62,54
487,"Henri Jokiharju",&nbsp;,BOS,D,-89,63," "," "," "," ",0,14,-7,22,0,3,0,17,25,53
488,"Ridly Greig",&nbsp;,OTT,C/RW,-90,77," "," "," "," ",11,18,-3,126,0,4,0,59,34,159
489,"Semyon Varlamov",&nbsp;,NYI,G,-91,0,1,420,40,1," "," "," "," "," "," "," "," "," ",52
490,"James van Riemsdyk",&nbsp;,DET,LW,-91,70," "," "," "," ",19,7,-12,105,1,8,0,9,26,130
491,"Miles Wood",&nbsp;,CBJ,LW,-91,69," "," "," "," ",16,8,-8,102,1,0,1,54,11,130
492,"Thomas Novak",&nbsp;,PIT,C,-92,79," "," "," "," ",14,24,0,110,1,7,0,13,24,157
493,"Yegor Sharangovich",&nbsp;,CGY,C/LW/RW,-92,78," "," "," "," ",15,11,-16,137,1,3,0,12,16,129
494,"Jean-gabriel Pageau",&nbsp;,NYI,C/RW,-93,74," "," "," "," ",11,19,-3,66,3,0,6,67,46,156
495,"Kaiden Guhle",&nbsp;,MTL,D,-93,42," "," "," "," ",4,3,2,28,2,0,0,32,10,49
496,"Brayden Pachal",&nbsp;,CGY,D,-93,51," "," "," "," ",0,6,-2,14,0,0,0,61,20,49
497,"Jordan Kyrou",&nbsp;,STL,RW,-93,72," "," "," "," ",18,20,-16,187,0,6,0,13,24,182
498,"Nikolas Matinpalo",&nbsp;,OTT,D,-93,54," "," "," "," ",0,8,-1,19,0,0,0,27,37,49
499,"Matt Savoie",&nbsp;,EDM,C/RW,-94,82," "," "," "," ",16,15,1,128,1,6,1,10,31,155
500,"Cale Fleury",&nbsp;,SEA,D,-94,25," "," "," "," ",3,2,4,51,0,0,0,18,14,48
501,"Maxim Shabanov",&nbsp;,NYI,RW,-94,69," "," "," "," ",12,34,-4,111,0,10,0,41,20,181
502,"Brandon Carlo",&nbsp;,TOR,D,-95,51," "," "," "," ",0,6,5,23,0,0,0,16,42,47
503,"Ville Husso",&nbsp;,ANA,G,-96,0,0,108,11,9," "," "," "," "," "," "," "," "," ",47
504,"Steven Lorentz",&nbsp;,TOR,LW/RW,-96,75," "," "," "," ",7,13,1,63,0,0,1,97,29,125
505,"Ondrej Palat",&nbsp;,NJD,LW,-97,82," "," "," "," ",4,12,-5,98,0,1,0,84,42,124
506,"Gage Goncalves",&nbsp;,TBL,C,-98,78," "," "," "," ",10,22,17,78,2,2,0,57,26,151
507,"Nick Foligno",&nbsp;,CHI,C/LW,-98,60," "," "," "," ",3,18,0,66,0,3,2,86,26,123
508,"Colton Dach",&nbsp;,CHI,C,-98,82," "," "," "," ",6,10,-18,90,1,2,0,179,28,151
509,"Nicolas Roy",&nbsp;,TOR,C/RW,-98,79," "," "," "," ",8,26,9,82,0,1,1,63,23,151
510,"Nick DeSimone",&nbsp;,UTA,D,-98,36," "," "," "," ",4,2,0,40,1,0,0,10,17,44
511,"Connor Dewar",&nbsp;,PIT,C,-98,82," "," "," "," ",12,12,-2,110,1,0,0,95,21,150
512,"Paul Cotter",&nbsp;,NJD,LW,-98,79," "," "," "," ",9,8,-11,68,1,1,0,125,15,123
513,"Aleksei Kolosov",&nbsp;,PHI,G,-99,0,0,235,23,5," "," "," "," "," "," "," "," "," ",44
514,"Mats Zuccarello",&nbsp;,MIN,RW,-99,62," "," "," "," ",10,37,-9,118,0,11,0,24,22,176
515,"Dakota Joshua",&nbsp;,TOR,C/LW,-99,55," "," "," "," ",8,6,-2,43,2,0,0,141,29,122
516,"Nathan Walker",&nbsp;,STL,LW,-99,60," "," "," "," ",7,10,-4,51,1,0,0,127,27,122
517,"Kent Johnson",&nbsp;,CBJ,C/LW/RW,-100,81," "," "," "," ",7,19,-15,140,0,0,0,8,27,122
518,"Joel Armia",&nbsp;,LAK,RW,-100,79," "," "," "," ",18,14,7,100,0,1,7,53,33,175
519,"Michael Rasmussen",&nbsp;,DET,C/LW,-100,77," "," "," "," ",11,12,-4,75,0,0,1,50,35,121
520,"Warren Foegele",&nbsp;,LAK,LW/RW,-100,74," "," "," "," ",14,2,-3,128,1,0,0,51,9,121
521,"Philippe Myers",&nbsp;,TOR,D,-101,53," "," "," "," ",0,4,-9,23,0,0,0,39,32,41
522,"Alexander Killorn",&nbsp;,ANA,C/LW/RW,-101,82," "," "," "," ",6,15,0,109,0,2,0,43,23,120
523,"Colton White",&nbsp;,NJD,D,-101,45," "," "," "," ",0,8,2,14,0,0,0,27,19,41
524,"Nicholas Paul",&nbsp;,TBL,C/LW,-102,63," "," "," "," ",10,14,-8,85,0,2,0,55,19,120
525,"Corey Perry",&nbsp;,LAK,RW,-102,72," "," "," "," ",17,23,0,121,0,14,0,22,12,173
526,"Pius Suter",&nbsp;,STL,C/LW,-103,66," "," "," "," ",11,11,-4,97,2,2,1,35,16,118
527,"Matthew Kessel",&nbsp;,STL,D,-103,51," "," "," "," ",5,2,0,27,1,0,0,8,13,39
528,"Rasmus Ristolainen",&nbsp;,PHI,D,-103,46," "," "," "," ",0,5,4,19,0,0,1,17,27,39
529,"Yegor Zamula",&nbsp;,CBJ,D,-103,48," "," "," "," ",0,10,7,9,0,0,0,3,27,39
530,"Connor Clifton",&nbsp;,PIT,D,-104,33," "," "," "," ",0,0,-3,0,0,0,0,71,29,39
531,"Zayne Parekh",&nbsp;,CGY,D,-104,45," "," "," "," ",0,12,0,11,0,2,0,10,10,38
532,"Frank Nazar",&nbsp;,CHI,C,-104,51," "," "," "," ",9,24,-10,99,1,8,1,27,34,145
533,"Ross Johnston",&nbsp;,ANA,LW,-104,80," "," "," "," ",3,16,-1,36,0,0,0,142,13,117
534,"Vincent Desharnais",&nbsp;,SJS,D,-105,44," "," "," "," ",0,3,1,12,0,0,0,29,36,37
535,"William Carrier",&nbsp;,CAR,LW,-105,74," "," "," "," ",7,9,-1,74,1,0,0,106,11,116
536,"Barrett Hayton",&nbsp;,UTA,C,-105,77," "," "," "," ",9,19,3,139,0,4,0,20,23,143
537,"Alec Regula",&nbsp;,EDM,D,-106,58," "," "," "," ",0,7,-18,15,0,0,0,16,48,37
538,"Yanni Gourde",&nbsp;,TBL,C,-106,82," "," "," "," ",9,15,4,110,1,0,0,71,27,143
539,"Jack St. Ivany",&nbsp;,PIT,D,-106,16," "," "," "," ",0,5,2,14,0,0,0,33,16,36
540,"Kyle Capobianco",&nbsp;,DAL,D,-106,37," "," "," "," ",2,5,2,24,0,0,0,9,15,36
541,"Scott Laughton",&nbsp;,TOR,C/LW,-106,64," "," "," "," ",11,5,-1,85,1,0,1,62,26,115
542,"Kaapo Kakko",&nbsp;,SEA,RW,-107,66," "," "," "," ",12,30,8,120,2,6,0,25,6,168
543,"Adam Gaudette",&nbsp;,SJS,C/RW,-107,71," "," "," "," ",17,11,-11,96,3,7,0,50,15,142
544,"Devon Levi",&nbsp;,BUF,G,-108,0,0,256,29,3," "," "," "," "," "," "," "," "," ",34
545,"Colten Ellis",&nbsp;,BUF,G,-109,0,0,25,3,8," "," "," "," "," "," "," "," "," ",34
546,"Justin Barron",&nbsp;,NSH,D,-109,55," "," "," "," ",0,6,0,15,0,0,0,14,25,34
547,"Matthew Wood",&nbsp;,NSH,RW,-109,73," "," "," "," ",19,14,-3,128,0,8,0,35,24,166
548,"Jake Bean",&nbsp;,CGY,D,-109,34," "," "," "," ",2,2,-8,32,0,0,0,3,33,33
549,"Josh Anderson",&nbsp;,MTL,RW,-109,77," "," "," "," ",18,8,-11,104,0,0,3,98,36,166
550,"Dennis Hildeby",&nbsp;,TOR,G,-110,0,0,130,13,5," "," "," "," "," "," "," "," "," ",33
551,"Declan Carlile",&nbsp;,TBL,D,-110,39," "," "," "," ",1,3,0,16,0,0,0,25,18,33
552,"Jacob Bryson",&nbsp;,BUF,D,-110,60," "," "," "," ",2,6,-3,18,0,0,0,8,14,33
553,"Vincent Iorio",&nbsp;,SJS,D,-110,48," "," "," "," ",0,7,-4,6,0,0,0,12,33,32
554,"Caleb Jones",&nbsp;,PIT,D,-110,37," "," "," "," ",0,6,2,5,0,0,0,17,26,32
555,"Stefan Noesen",&nbsp;,NJD,LW/RW,-110,76," "," "," "," ",7,10,-14,121,1,4,0,41,18,111
556,"Vladislav Kolyachonok",&nbsp;,BOS,D,-111,30," "," "," "," ",2,3,2,24,1,0,0,6,14,32
557,"Michael McCarron",&nbsp;,NSH,C,-111,81," "," "," "," ",2,11,-10,113,0,0,0,130,45,138
558,"Scott Morrow",&nbsp;,NYR,D,-111,37," "," "," "," ",0,7,-1,15,0,1,0,6,21,31
559,"Sam Steel",&nbsp;,DAL,C,-111,82," "," "," "," ",12,15,-6,81,6,4,0,58,23,138
560,"Adam Henrique",&nbsp;,EDM,C,-111,82," "," "," "," ",4,17,-11,126,0,4,1,30,72,138
561,"Danila Yurov",&nbsp;,MIN,RW,-111,75," "," "," "," ",14,24,-3,93,3,2,0,40,43,164
562,"Cole Perfetti",Vasyy,WPG,C/LW/RW,-111,68," "," "," "," ",7,14,-17,115,1,4,0,30,16,110
563,"Nick Cousins",&nbsp;,OTT,LW,-111,81," "," "," "," ",10,6,1,53,1,0,0,95,18,110
564,"Sammy Blais",&nbsp;,MTL,LW,-111,48," "," "," "," ",8,11,2,40,0,0,0,103,14,110
565,"Daemon Hunt",&nbsp;,MIN,D,-111,36," "," "," "," ",0,6,4,3,0,0,0,15,24,31
566,"Easton Cowan",&nbsp;,TOR,RW,-112,71," "," "," "," ",13,19,5,130,0,0,0,54,26,164
567,"Donovan Sebrango",&nbsp;,FLA,D,-112,38," "," "," "," ",0,5,0,8,0,0,0,28,15,30
568,"Alexander Romanov",&nbsp;,NYI,D,-112,15," "," "," "," ",0,1,-7,17,0,0,0,31,31,30
569,"Alexei Toropchenko",&nbsp;,STL,LW/RW,-112,65," "," "," "," ",5,9,-8,72,0,0,3,76,37,109
570,"Ryan Lomberg",&nbsp;,CGY,LW,-112,78," "," "," "," ",6,5,1,76,0,0,0,111,14,109
571,"Ryan Greene",&nbsp;,CHI,C,-113,82," "," "," "," ",7,22,1,103,0,5,0,34,27,136
572,"Ethen Frank",&nbsp;,WSH,C,-113,68," "," "," "," ",12,15,4,98,0,3,0,36,28,136
573,"Frank Vatrano",&nbsp;,ANA,C/LW,-114,54," "," "," "," ",5,5,-10,113,1,1,0,74,27,108
574,"Trent Frederic",&nbsp;,EDM,C/LW/RW,-114,75," "," "," "," ",5,3,-11,98,1,0,0,116,13,107
575,"Declan Chisholm",&nbsp;,WSH,D,-115,39," "," "," "," ",0,7,0,12,0,0,0,6,16,28
576,"Adam Lowry",&nbsp;,WPG,C,-115,70," "," "," "," ",7,15,3,72,0,0,1,91,35,134
577,"Christopher Tanev",&nbsp;,TOR,D,-115,36," "," "," "," ",0,5,10,8,0,0,0,3,19,27
578,"Nico Daws",&nbsp;,NJD,G,-116,0,0,90,11,5," "," "," "," "," "," "," "," "," ",27
579,"Alex Turcotte",&nbsp;,LAK,C/LW,-116,81," "," "," "," ",7,15,-5,93,0,0,0,22,27,105
580,"Ryan Graves",&nbsp;,PIT,D,-116,17," "," "," "," ",1,0,-4,19,0,0,0,13,31,26
581,"Urho Vaakanainen",&nbsp;,NYR,D,-116,52," "," "," "," ",0,6,-2,12,0,0,0,8,17,26
582,"Zemgus Girgensons",&nbsp;,TBL,LW/RW,-116,75," "," "," "," ",8,2,-1,67,0,0,0,104,22,105
583,"Michael Kesselring",&nbsp;,BUF,D,-117,57," "," "," "," ",0,0,-8,0,0,0,0,29,45,26
584,"Dmitri Simashev",&nbsp;,UTA,D,-117,36," "," "," "," ",0,3,-10,23,0,0,0,9,28,25
585,"Matt Murray",&nbsp;,NSH,G,-118,0,0,135,14,3," "," "," "," "," "," "," "," "," ",25
586,"Jack Drury",&nbsp;,COL,C,-118,82," "," "," "," ",13,12,13,87,0,0,0,21,45,131
587,"Collin Graf",&nbsp;,SJS,RW,-119,80," "," "," "," ",17,16,5,71,1,0,3,49,40,157
588,"Jake Christiansen",&nbsp;,CBJ,D,-119,49," "," "," "," ",0,4,-10,18,0,0,0,20,13,23
589,"Travis Hamonic",&nbsp;,DET,D,-119,38," "," "," "," ",0,2,-12,16,0,0,0,20,27,23
590,"Michael Amadio",&nbsp;,OTT,RW,-119,82," "," "," "," ",12,16,6,99,1,0,0,81,30,156
591,"Marcus Foligno",&nbsp;,MIN,LW,-119,72," "," "," "," ",2,6,-10,68,0,0,0,119,35,102
592,"Adam Boqvist",&nbsp;,NYI,D,-119,31," "," "," "," ",0,6,-1,5,0,0,0,6,17,23
593,"Joel Blomqvist",&nbsp;,PIT,G,-120,0,0,229,23,0," "," "," "," "," "," "," "," "," ",23
594,"Casey Mittelstadt",&nbsp;,BOS,C,-120,72," "," "," "," ",18,16,-8,76,0,5,0,11,18,129
595,"Ty Dellandrea",&nbsp;,SJS,C,-120,70," "," "," "," ",3,14,-17,66,0,0,2,134,41,129
596,"Justin Hryckowian",&nbsp;,DAL,C,-120,81," "," "," "," ",11,12,-5,77,1,1,0,81,23,129
597,"Maveric Lamoureux",&nbsp;,UTA,D,-120,17," "," "," "," ",0,3,6,4,0,0,0,15,14,22
598,"Nick Leddy",&nbsp;,SJS,D,-121,35," "," "," "," ",0,6,-9,6,0,0,0,2,27,22
599,"Radek Faksa",&nbsp;,DAL,C,-121,81," "," "," "," ",3,23,10,41,0,0,4,68,41,128
600,"Matt Dumba",&nbsp;,PIT,D,-121,17," "," "," "," ",1,3,-5,7,0,0,0,17,13,21
601,"Oliver Moore",&nbsp;,CHI,C,-121,70," "," "," "," ",10,21,-11,95,0,6,0,27,16,128
602,"Simon Holmstrom",&nbsp;,NYI,RW,-122,81," "," "," "," ",17,18,6,83,1,1,3,11,43,153
603,"Brendan Smith",&nbsp;,CBJ,D,-123,32," "," "," "," ",0,3,-1,10,0,0,0,13,12,20
604,"Filip Chytil",&nbsp;,VAN,C,-123,33," "," "," "," ",22,0,0,110,4,0,0,13,17,126
605,"Ilya Solovyov",&nbsp;,PIT,D,-123,17," "," "," "," ",0,2,-3,10,0,0,0,14,17,19
606,"Ryan Poehling",&nbsp;,ANA,C,-124,75," "," "," "," ",4,23,3,70,0,0,3,22,56,125
607,"Tanner Pearson",&nbsp;,WPG,LW,-124,76," "," "," "," ",9,4,4,70,1,0,0,53,24,97
608,"Adam Klapka",&nbsp;,CGY,RW,-125,81," "," "," "," ",7,9,-5,75,0,1,0,179,28,150
609,"Cole Smith",&nbsp;,NSH,LW,-125,51," "," "," "," ",9,2,-4,65,1,0,0,92,9,96
610,"Cayden Primeau",&nbsp;,TOR,G,-125,0,0,209,24,0," "," "," "," "," "," "," "," "," ",18
611,"Jeff Skinner",&nbsp;,SJS,LW,-125,63," "," "," "," ",9,10,-11,94,0,4,0,19,14,96
612,"Pavol Regenda",&nbsp;,SJS,LW/RW,-126,29," "," "," "," ",16,0,0,51,0,8,0,40,8,96
613,"Haydn Fleury",&nbsp;,WPG,D,-126,33," "," "," "," ",0,0,-7,0,0,0,0,23,26,16
614,"Ivan Fedotov",&nbsp;,CBJ,G,-126,0,0,61,8,3," "," "," "," "," "," "," "," "," ",16
615,"Mathieu Olivier",&nbsp;,CBJ,RW,-127,69," "," "," "," ",8,13,5,72,1,0,0,133,31,148
616,"Jimmy Snuggerud",&nbsp;,STL,RW,-128,70," "," "," "," ",12,14,-7,116,3,6,0,49,30,148
617,"Noah Laba",&nbsp;,NYR,C,-128,75," "," "," "," ",8,12,1,69,1,4,0,63,36,121
618,"Matt Duchene",&nbsp;,DAL,C/RW,-128,57," "," "," "," ",10,21,-6,87,2,2,0,13,19,121
619,"Brandon Saad",&nbsp;,VGK,LW,-128,77," "," "," "," ",4,9,-1,129,0,0,0,9,20,93
620,"Dennis Cholowski",&nbsp;,NJD,D,-129,32," "," "," "," ",0,2,-5,10,0,0,0,3,17,14
621,"Victor Soderstrom",&nbsp;,BOS,D,-129,18," "," "," "," ",0,2,3,8,0,0,0,1,11,14
622,"Kirby Dach",&nbsp;,MTL,C/RW,-129,49," "," "," "," ",16,7,-4,70,0,2,0,43,31,120
623,"Kaapo Kahkonen",&nbsp;,MTL,G,-129,0,0,136,14,0," "," "," "," "," "," "," "," "," ",13
624,"Olli Maatta",&nbsp;,UTA,D,-129,54," "," "," "," ",0,2,-4,9,0,0,0,1,17,13
625,"Andrew Mangiapane",&nbsp;,EDM,LW/RW,-130,64," "," "," "," ",9,11,-22,74,1,0,0,39,18,91
626,"Calum Ritchie",&nbsp;,NYI,C/RW,-130,71," "," "," "," ",16,9,1,85,3,1,0,10,26,119
627,"Erik Portillo",&nbsp;,LAK,G,-130,0,0,28,1,2," "," "," "," "," "," "," "," "," ",13
628,"Conor Sheary",&nbsp;,NYR,LW,-130,63," "," "," "," ",2,12,-5,107,0,2,0,19,28,91
629,"Max Sasson",&nbsp;,VAN,C,-130,79," "," "," "," ",18,4,-4,92,0,1,0,21,31,119
630,"Harrison Brunicke",&nbsp;,PIT,D,-131,9," "," "," "," ",1,0,-4,8,0,0,0,4,13,11
631,"Kurtis MacDermid",&nbsp;,OTT,D,-131,34," "," "," "," ",0,2,-3,2,0,0,0,14,5,11
632,"Marat Khusnutdinov",&nbsp;,BOS,C,-131,77," "," "," "," ",10,19,-6,76,1,1,0,25,25,117
633,"Colton Sissons",&nbsp;,VGK,C/LW,-132,78," "," "," "," ",6,5,-8,74,1,1,0,60,25,90
634,"Dakota Mermis",&nbsp;,TOR,D,-132,15," "," "," "," ",1,0,-3,5,0,0,0,8,9,10
635,"Mason Appleton",&nbsp;,DET,C/RW,-132,72," "," "," "," ",10,11,-1,76,3,0,0,58,22,117
636,"Tye Kartye",&nbsp;,SEA,LW,-132,76," "," "," "," ",3,9,-9,38,0,0,0,102,26,89
637,"Matt Kiersted",&nbsp;,MIN,D,-133,6," "," "," "," ",0,2,-1,4,0,0,1,0,6,10
638,"David Jiricek",&nbsp;,MIN,D,-133,32," "," "," "," ",0,0,1,0,0,0,0,6,16,9
639,"Steven Santini",&nbsp;,TBL,D,-133,11," "," "," "," ",0,1,1,3,0,0,0,7,6,9
640,"Connor Brown",&nbsp;,NJD,RW,-133,75," "," "," "," ",17,15,-4,94,1,0,1,21,34,142
641,"Philipp Kurashev",&nbsp;,SJS,C/RW,-134,57," "," "," "," ",10,15,0,82,1,1,0,40,11,115
642,"Jack Ahcan",&nbsp;,COL,D,-134,8," "," "," "," ",0,1,4,2,0,0,0,5,4,8
643,"Dysin Mayo",&nbsp;,CBJ,D,-134,5," "," "," "," ",0,3,0,4,0,0,0,0,2,8
644,"Sean Kuraly",&nbsp;,BOS,C,-134,82," "," "," "," ",5,13,-2,102,0,0,0,55,30,115
645,"Colin Miller",&nbsp;,WPG,D,-134,28," "," "," "," ",0,0,-9,0,0,0,0,22,9,8
646,"Dylan McIlrath",&nbsp;,WSH,D,-135,10," "," "," "," ",0,0,0,0,0,0,0,14,5,8
647,"Jaccob Slavin",&nbsp;,CAR,D,-135,40," "," "," "," ",0,0,-7,0,0,0,0,0,27,7
648,"Mads Sogaard",&nbsp;,OTT,G,-137,0,0,127,20,0," "," "," "," "," "," "," "," "," ",5
649,"Alex Newhook",&nbsp;,MTL,C,-137,32," "," "," "," ",12,12,12,48,3,2,0,44,9,111
650,"Jonathan Toews",&nbsp;,WPG,C,-138,82," "," "," "," ",6,19,-16,108,0,4,0,13,27,111
651,"Jason Dickinson",&nbsp;,CHI,C,-138,69," "," "," "," ",10,8,-5,76,0,0,3,47,31,111
652,"Riley Stillman",&nbsp;,EDM,D,-138,7," "," "," "," ",0,0,0,0,0,0,0,7,4,4
653,"Michael Callahan",&nbsp;,BOS,D,-138,9," "," "," "," ",0,0,-1,0,0,0,0,3,9,4
654,"Frederick Gaudreau",&nbsp;,SEA,C,-138,69," "," "," "," ",9,15,6,68,0,3,0,19,32,111
655,"Sebastian Cossa",&nbsp;,DET,G,-138,0,0,6,1,1," "," "," "," "," "," "," "," "," ",4
656,"Adam Ginning",&nbsp;,PHI,D,-139,11," "," "," "," ",0,0,0,0,0,0,0,4,5,4
657,"Victor Mancini",&nbsp;,VAN,D,-139,12," "," "," "," ",0,0,-2,0,0,0,0,6,5,3
658,"Pontus Holmberg",&nbsp;,TBL,RW,-139,73," "," "," "," ",12,14,10,88,3,0,0,49,23,136
659,"Henry Thrun",&nbsp;,TOR,D,-139,10," "," "," "," ",0,0,-1,0,0,0,0,4,5,3
660,"Ethan Del Mastro",&nbsp;,CHI,D,-139,5," "," "," "," ",0,0,-1,0,0,0,0,6,3,3
661,"Nick Bjugstad",&nbsp;,STL,C,-139,61," "," "," "," ",10,3,-5,97,0,0,0,69,24,110
662,"Mason Geertsen",&nbsp;,BUF,LW/D,-139,6," "," "," "," ",0,0,-1,0,0,0,0,8,0,3
663,"Jeff Malott",&nbsp;,LAK,LW,-140,53," "," "," "," ",6,2,0,50,0,0,0,85,14,82
664,"Derek Forbort",&nbsp;,VAN,D,-140,4," "," "," "," ",0,0,0,0,0,0,0,2,4,2
665,"Cole McWard",&nbsp;,NYI,D,-140,3," "," "," "," ",0,0,0,0,0,0,0,4,2,2
666,"Jacob Moverare",&nbsp;,LAK,D,-140,24," "," "," "," ",0,0,-2,0,0,0,0,3,5,2
667,"Ryan Johnson",&nbsp;,BUF,D,-140,5," "," "," "," ",0,0,0,0,0,0,0,2,3,2
668,"Daniil Miromanov",&nbsp;,CGY,D,-141,4," "," "," "," ",0,0,0,0,0,0,0,0,4,2
669,"Gavin Brindley",&nbsp;,COL,C,-141,69," "," "," "," ",11,9,8,79,4,0,0,34,10,108
670,"Erik Gudbranson",&nbsp;,CBJ,D,-141,11," "," "," "," ",0,0,-2,0,0,0,0,5,1,1
671,"Sam Carrick",&nbsp;,NYR,C,-141,82," "," "," "," ",2,11,3,91,0,0,1,74,26,108
672,"Matthew Benning",&nbsp;,TOR,D,-141,6," "," "," "," ",0,0,0,0,0,0,0,0,3,1
673,"J.T. Compher",&nbsp;,DET,C,-141,82," "," "," "," ",7,18,-8,79,0,0,0,18,40,108
674,"Carson Lambos",&nbsp;,MIN,D,-141,2," "," "," "," ",0,0,1,0,0,0,0,0,1,1
675,"Aatu Raty",&nbsp;,VAN,C,-142,70," "," "," "," ",5,13,4,52,1,0,0,96,10,107
676,"Erik Gustafsson",&nbsp;,DET,D,-142,1," "," "," "," ",0,0,-1,0,0,0,0,1,1,0
677,"Pierre-Olivier Joseph",&nbsp;,VAN,D,-142,21," "," "," "," ",0,0,0,0,0,0,0,0,0,0
678,"Tom Willander",&nbsp;,VAN,D,-142,72," "," "," "," ",0,0,0,0,0,0,0,0,0,0
679,"Max Crozier",&nbsp;,TBL,D,-142,47," "," "," "," ",0,0,0,0,0,0,0,0,0,0
680,"J.J. Moser",&nbsp;,ARI,D,-142,80," "," "," "," ",0,0,0,0,0,0,0,0,0,0
681,"Charle-Edouard D'Astous",&nbsp;,TBL,D,-142,75," "," "," "," ",0,0,0,0,0,0,0,0,0,0
682,"Joshua Mahura",&nbsp;,SEA,D,-142,48," "," "," "," ",0,0,0,0,0,0,0,0,0,0
683,"Marshall Warren",&nbsp;,NYI,D,-142,22," "," "," "," ",0,0,0,0,0,0,0,0,0,0
684,"Johnathan Kovacevic",&nbsp;,NJD,D,-142,0," "," "," "," ",0,0,0,0,0,0,0,0,0,0
685,"HUNTER BRZUSTEWICZ",&nbsp;,CGY,D,-142,39," "," "," "," ",0,0,0,0,0,0,0,0,0,0
686,"CHARLES ALEXIS LEGAULT",&nbsp;,CAR,D,-142,11," "," "," "," ",0,0,0,0,0,0,0,0,0,0
687,"Joel Nystrom",&nbsp;,CAR,D,-142,68," "," "," "," ",0,0,0,0,0,0,0,0,0,0
688,"Zach Metsa",&nbsp;,BUF,D,-142,38," "," "," "," ",0,0,0,0,0,0,0,0,0,0
689,"Ian Moore",&nbsp;,ANA,D,-142,68," "," "," "," ",0,0,0,0,0,0,0,0,0,0
690,"Jaycob Megna",&nbsp;,VGK,D,-142,7," "," "," "," ",0,0,-5,0,0,0,0,5,1,-0
691,"Owen Pickering",&nbsp;,PIT,D,-142,22," "," "," "," ",0,0,-5,0,0,0,0,2,4,-0
692,"Dennis Gilbert",&nbsp;,OTT,D,-142,2," "," "," "," ",0,0,-1,0,0,0,0,0,1,-0
693,"Jakub Skarek",&nbsp;,SJS,G,-142,0,0,11,2,0," "," "," "," "," "," "," "," "," ",0
694,"Dmitry Kulikov",&nbsp;,FLA,D,-142,8," "," "," "," ",0,0,-2,0,0,0,0,2,0,-0
695,"Cole Koepke",&nbsp;,WPG,LW,-143,49," "," "," "," ",3,6,-2,51,0,0,0,87,7,78
696,"Seamus Casey",&nbsp;,NJD,D,-143,7," "," "," "," ",0,0,-3,0,0,0,0,0,1,-1
697,"Michael DiPietro",&nbsp;,BOS,G,-144,0,0,55,12,0," "," "," "," "," "," "," "," "," ",-1
698,"Noah Ostlund",&nbsp;,BUF,C,-144,65," "," "," "," ",14,10,10,68,0,1,0,1,24,105
699,"Brendan Gallagher",&nbsp;,MTL,RW,-144,82," "," "," "," ",5,18,1,120,0,4,0,58,10,131
700,"Ilya Mikheyev",&nbsp;,CHI,RW,-145,78," "," "," "," ",14,11,-3,116,3,0,1,26,15,130
701,"Tyson Foerster",&nbsp;,PHI,LW/RW,-145,21," "," "," "," ",10,3,7,41,2,3,0,20,18,76
702,"Jonathan Marchessault",&nbsp;,NSH,RW,-146,63," "," "," "," ",15,7,-26,128,1,6,0,54,7,129
703,"Cody Glass",&nbsp;,NJD,C/RW,-147,69," "," "," "," ",13,4,-3,93,1,1,0,26,16,102
704,"Isaac Howard",&nbsp;,EDM,LW,-148,42," "," "," "," ",9,4,-5,95,0,0,0,5,2,73
705,"Carl Grundstrom",&nbsp;,PHI,RW,-148,49," "," "," "," ",18,3,13,54,2,0,0,75,17,127
706,"Fedor Svechkov",&nbsp;,NSH,C,-148,80," "," "," "," ",4,13,-5,100,0,0,1,41,16,100
707,"Keegan Kolesar",&nbsp;,VGK,RW,-149,82," "," "," "," ",2,12,-9,69,0,0,0,152,30,126
708,"Noel Acciari",&nbsp;,PIT,C/RW,-150,64," "," "," "," ",8,9,3,66,0,0,0,45,28,99
709,"Rodrigo Abols",&nbsp;,PHI,C,-150,74," "," "," "," ",4,11,-1,76,0,0,2,51,27,99
710,"Ryan Winterton",&nbsp;,SEA,C,-150,80," "," "," "," ",6,11,0,78,0,0,0,46,22,98
711,"Bradly Nadeau",&nbsp;,CAR,LW,-152,24," "," "," "," ",12,0,-5,48,0,2,0,27,9,69
712,"Nic Dowd",&nbsp;,WSH,C,-152,74," "," "," "," ",3,14,-1,49,0,0,0,69,32,97
713,"Landon Slaggert",&nbsp;,CHI,LW,-153,53," "," "," "," ",6,5,4,45,1,0,0,41,8,69
714,"Brendan Gaunce",&nbsp;,CBJ,C/LW,-153,35," "," "," "," ",4,5,1,38,1,0,2,45,18,68
715,"Teddy Blueger",&nbsp;,VAN,C,-154,37," "," "," "," ",17,0,0,34,9,0,0,27,27,95
716,"Dalibor Dvorsky",&nbsp;,STL,RW,-154,72," "," "," "," ",12,6,-6,88,0,6,0,68,18,121
717,"Calle Jarnkrok",&nbsp;,TOR,C/LW,-155,66," "," "," "," ",12,0,-9,60,0,0,0,22,5,66
718,"Sonny Milano",&nbsp;,WSH,LW,-156,54," "," "," "," ",8,6,1,52,3,0,0,9,4,66
719,"Gustav Nyquist",&nbsp;,WPG,LW/RW,-156,57," "," "," "," ",0,15,-5,41,0,6,0,22,17,66
720,"Kasperi Kapanen",&nbsp;,EDM,RW,-156,46," "," "," "," ",7,20,-9,49,0,0,0,90,17,119
721,"Luke Kunin",&nbsp;,FLA,C/LW/RW,-157,53," "," "," "," ",3,2,-6,39,0,0,0,67,29,64
722,"Jesper Boqvist",&nbsp;,FLA,C,-158,82," "," "," "," ",4,6,-3,48,1,0,0,96,23,90
723,"Ben Meyers",&nbsp;,SEA,C,-159,51," "," "," "," ",9,8,-3,76,1,0,0,35,7,90
724,"Adam Erne",&nbsp;,DAL,LW,-159,32," "," "," "," ",5,2,2,25,0,0,0,69,11,62
725,"Kevin Hayes",&nbsp;,PIT,C,-159,53," "," "," "," ",8,5,-6,99,1,0,0,35,10,90
726,"Oskar Sundqvist",&nbsp;,STL,C,-160,72," "," "," "," ",4,18,-18,48,0,1,0,52,22,89
727,"Rutger McGroarty",&nbsp;,PIT,RW,-160,52," "," "," "," ",11,5,-9,155,0,0,0,29,7,115
728,"Barclay Goodrow",&nbsp;,SJS,C,-161,82," "," "," "," ",5,7,-11,58,0,0,0,68,34,88
729,"Blake Lizotte",&nbsp;,PIT,C,-162,73," "," "," "," ",7,9,5,59,0,0,0,38,17,87
730,"Taylor Raddysh",&nbsp;,NYR,RW,-162,77," "," "," "," ",13,8,5,59,0,0,1,47,27,113
731,"Kevin Stenlund",&nbsp;,UTA,C,-162,79," "," "," "," ",5,11,-6,63,0,0,1,28,35,86
732,"Elmer Soderblom",&nbsp;,DET,LW,-165,51," "," "," "," ",4,2,-3,52,1,0,0,43,7,56
733,"Brandon Tanev",&nbsp;,UTA,LW/RW,-165,66," "," "," "," ",0,4,-9,22,0,0,0,92,17,56
734,"William Karlsson",&nbsp;,VGK,C,-166,27," "," "," "," ",9,6,-2,68,2,2,2,5,20,83
735,"Jonny Brodzinski",&nbsp;,NYR,C,-166,63," "," "," "," ",8,9,1,66,0,0,0,17,17,83
736,"Nate Danielson",&nbsp;,DET,C,-166,66," "," "," "," ",5,14,-10,77,0,4,0,11,13,82
737,"Nikita Nesterenko",&nbsp;,ANA,C,-166,47," "," "," "," ",2,13,-2,58,1,0,0,61,7,82
738,"Jordan Greenway",&nbsp;,BUF,LW,-167,64," "," "," "," ",2,7,-12,50,0,0,0,42,9,54
739,"Adam Edstrom",&nbsp;,NYR,C,-168,58," "," "," "," ",5,5,6,53,1,0,0,60,16,81
740,"Berkly Catton",&nbsp;,SEA,C,-168,69," "," "," "," ",5,11,0,75,0,3,0,5,21,80
741,"Cole Reinhardt",&nbsp;,VGK,LW,-169,56," "," "," "," ",2,5,-4,34,0,0,0,57,4,52
742,"Jake Evans",&nbsp;,MTL,C,-170,66," "," "," "," ",7,7,-15,48,0,0,1,49,27,79
743,"Zakhar Bardakov",&nbsp;,COL,C,-170,69," "," "," "," ",3,12,7,57,0,0,0,35,14,79
744,"John Leonard",&nbsp;,DET,LW,-171,23," "," "," "," ",6,5,-4,27,0,4,0,13,11,50
745,"Alexander Kerfoot",&nbsp;,UTA,C/LW/RW,-171,46," "," "," "," ",6,0,-3,66,0,0,0,5,13,50
746,"Nico Sturm",&nbsp;,MIN,C,-171,54," "," "," "," ",6,10,5,44,0,0,0,34,15,78
747,"Phillip Danault",&nbsp;,MTL,C,-172,76," "," "," "," ",0,16,2,51,0,0,1,36,17,77
748,"Tyler Seguin",&nbsp;,DAL,C/RW,-172,29," "," "," "," ",7,11,10,31,2,4,0,19,6,76
749,"Colin Blackwell",&nbsp;,DAL,C,-173,75," "," "," "," ",3,7,0,48,1,0,0,62,19,76
750,"Mathieu Joseph",&nbsp;,STL,RW,-174,73," "," "," "," ",3,13,0,42,1,0,1,87,29,101
751,"Arshdeep Bains",&nbsp;,VAN,LW,-174,55," "," "," "," ",2,8,0,28,0,1,0,26,6,47
752,"Joseph Veleno",&nbsp;,MTL,C,-175,77," "," "," "," ",3,1,-9,56,1,0,0,87,23,74
753,"Maxim Tsyplakov",&nbsp;,NYI,LW/RW,-176,59," "," "," "," ",3,0,-8,51,0,0,0,46,4,45
754,"Jonatan Berggren",&nbsp;,STL,RW,-176,60," "," "," "," ",10,13,0,62,2,3,0,26,6,99
755,"Tyson Kozak",&nbsp;,BUF,C,-176,46," "," "," "," ",4,4,-5,38,0,0,0,72,27,72
756,"Mark Jankowski",&nbsp;,CAR,C,-178,63," "," "," "," ",4,7,0,58,1,0,0,24,28,71
757,"Lukas Reichel",&nbsp;,VAN,LW,-178,31," "," "," "," ",4,7,-7,30,0,0,0,8,14,43
758,"Joel Kiviranta",&nbsp;,COL,LW,-179,55," "," "," "," ",2,5,0,26,0,0,0,34,6,42
759,"Marc Gatcomb",&nbsp;,NYI,C,-179,28," "," "," "," ",2,2,1,44,0,0,0,93,11,70
760,"Reilly Smith",&nbsp;,VGK,RW,-179,76," "," "," "," ",12,10,-12,82,1,1,0,17,10,96
761,"Liam O'brien",&nbsp;,UTA,C,-180,51," "," "," "," ",5,2,-5,55,0,0,0,65,11,69
762,"Jonah Gadjovich",&nbsp;,FLA,LW,-180,28," "," "," "," ",0,8,3,8,0,0,0,45,5,41
763,"Ryan Strome",&nbsp;,ANA,C,-181,58," "," "," "," ",5,11,-6,65,0,1,0,13,4,68
764,"Lars Eller",&nbsp;,OTT,C,-182,66," "," "," "," ",4,9,-8,48,0,0,1,26,23,67
765,"Nikita Grebenkin",&nbsp;,PHI,RW,-182,65," "," "," "," ",6,15,-1,36,0,0,0,65,12,93
766,"Danton Heinen",&nbsp;,CBJ,LW,-183,34," "," "," "," ",2,2,2,32,0,0,0,23,14,39
767,"Vincent Hinostroza",&nbsp;,MIN,C,-184,66," "," "," "," ",4,8,-6,52,1,1,0,29,13,65
768,"Luke Glendening",&nbsp;,NJD,C,-184,82," "," "," "," ",0,8,-8,24,0,0,1,64,38,64
769,"Jesperi Kotkaniemi",&nbsp;,CAR,C,-186,55," "," "," "," ",3,7,-2,42,0,0,0,46,15,63
770,"Tyson Jost",&nbsp;,NSH,C,-186,69," "," "," "," ",5,6,-12,52,0,0,0,43,10,63
771,"Curtis Lazar",&nbsp;,EDM,C,-186,56," "," "," "," ",8,0,-2,27,1,0,0,54,15,62
772,"Kyle Palmieri",&nbsp;,NYI,RW,-186,25," "," "," "," ",6,12,-2,71,1,5,1,19,9,89
773,"Ryan Reaves",&nbsp;,SJS,RW,-187,76," "," "," "," ",6,0,-10,40,0,0,0,135,13,88
774,"Ozzy Wiesblatt",&nbsp;,NSH,C,-187,39," "," "," "," ",2,5,-7,44,0,0,0,68,11,62
775,"Jansen Harkins",&nbsp;,ANA,C,-187,43," "," "," "," ",6,0,-3,26,0,0,0,71,16,62
776,"Oskar Back",&nbsp;,DAL,C,-188,70," "," "," "," ",5,6,6,33,1,0,1,17,20,61
777,"Mackenzie MacEachern",&nbsp;,VAN,LW/RW,-189,17," "," "," "," ",2,6,0,12,0,0,0,15,9,32
778,"Brandon Duhaime",&nbsp;,WSH,RW,-189,82," "," "," "," ",5,3,-4,35,0,0,1,97,31,86
779,"Samuel Honzek",&nbsp;,CGY,LW,-189,18," "," "," "," ",2,2,1,22,0,0,0,27,5,32
780,"David Kampf",&nbsp;,VAN,C,-189,60," "," "," "," ",6,3,-1,48,0,0,0,26,16,60
781,"Zack Ostapchuk",&nbsp;,SJS,C,-189,44," "," "," "," ",4,2,-5,38,2,0,0,64,8,60
782,"Patrik Laine",&nbsp;,MTL,LW/RW,-190,27," "," "," "," ",0,16,-12,6,0,0,0,8,0,32
783,"Max Jones",&nbsp;,EDM,LW,-190,17," "," "," "," ",2,2,0,24,0,0,0,25,3,31
784,"Samuel Helenius",&nbsp;,LAK,C,-193,53," "," "," "," ",8,0,0,32,0,0,0,45,3,56
785,"Robby Fabbri",&nbsp;,STL,C/LW,-193,21," "," "," "," ",0,7,-3,10,0,0,0,23,6,28
786,"Zach Aston-Reese",&nbsp;,CBJ,C,-196,47," "," "," "," ",0,7,0,16,0,0,0,64,16,52
787,"Matt Rempe",&nbsp;,NYR,C,-197,50," "," "," "," ",3,0,0,36,0,0,0,67,4,52
788,"Jiri Kulich",&nbsp;,BUF,C,-198,30," "," "," "," ",6,4,-6,40,0,0,0,13,17,51
789,"Tyler Pitlick",&nbsp;,MIN,C,-198,38," "," "," "," ",2,0,-1,38,0,0,0,61,14,51
790,"Hendrix Lapierre",&nbsp;,WSH,C,-199,79," "," "," "," ",0,11,1,31,0,0,0,26,12,50
791,"Kailer Yamamoto",&nbsp;,UTA,RW,-199,60," "," "," "," ",8,11,7,40,0,0,0,19,8,76
792,"Nicolas Deslauriers",&nbsp;,PHI,LW,-199,30," "," "," "," ",0,0,-3,0,0,0,0,55,4,22
793,"Mattias Janmark",&nbsp;,EDM,C,-199,66," "," "," "," ",2,11,-6,38,0,0,0,12,11,49
794,"Filip Hallander",&nbsp;,PIT,C,-202,32," "," "," "," ",2,7,6,42,1,0,1,4,7,47
795,"Nils Hoglander",&nbsp;,VAN,LW,-205,35," "," "," "," ",0,0,0,0,0,0,0,35,5,16
796,"John Beecher",&nbsp;,CGY,C,-205,53," "," "," "," ",2,3,-5,42,0,0,1,19,19,44
797,"Kyle MacLean",&nbsp;,NYI,C,-206,63," "," "," "," ",1,3,-5,23,0,0,0,58,9,43
798,"Noah Gregor",&nbsp;,FLA,C,-207,44," "," "," "," ",2,4,-6,40,0,0,0,29,8,42
799,"Riley Tufte",&nbsp;,BOS,LW,-207,7," "," "," "," ",2,0,-1,8,0,1,0,9,1,14
800,"Pierre-Luc Dubois",&nbsp;,WSH,C/LW,-208,24," "," "," "," ",0,0,0,0,0,0,0,22,11,13
801,"Hugh McGing",&nbsp;,STL,LW,-209,5," "," "," "," ",2,1,0,8,0,0,0,0,3,12
802,"Joona Koppanen",&nbsp;,PIT,LW,-210,22," "," "," "," ",0,2,-1,6,0,0,0,10,4,12
803,"Isac Lundestrom",&nbsp;,CBJ,C,-212,66," "," "," "," ",1,6,-5,30,0,0,0,14,17,37
804,"Brett Berard",&nbsp;,NYR,LW,-212,26," "," "," "," ",0,0,-1,0,0,0,0,15,9,9
805,"Jack Finley",&nbsp;,TBL,C,-212,30," "," "," "," ",4,2,4,20,1,0,0,23,1,37
806,"Juho Lammikko",&nbsp;,NJD,C,-212,52," "," "," "," ",0,5,-5,15,0,0,0,42,15,36
807,"Kevin Rooney",&nbsp;,UTA,C/LW,-217,2," "," "," "," ",1,0,1,1,0,0,0,0,0,4
808,"Garnet Hathaway",&nbsp;,PHI,RW,-218,73," "," "," "," ",0,0,-6,0,0,0,0,128,23,57
809,"Boris Katchouk",&nbsp;,TBL,LW,-218,8," "," "," "," ",0,0,0,0,0,0,0,5,2,3
810,"Joseph Labate",&nbsp;,VAN,C/LW,-218,3," "," "," "," ",0,0,-1,0,0,0,0,6,2,3
811,"Dryden Hunt",&nbsp;,CGY,LW,-219,3," "," "," "," ",0,0,-2,0,0,0,0,4,4,2
812,"Brennan Othmann",&nbsp;,NYR,LW,-219,22," "," "," "," ",0,0,-3,0,0,0,0,6,3,2
813,"Ivan Miroshnichenko",&nbsp;,WSH,LW,-219,7," "," "," "," ",0,0,0,0,0,0,0,4,1,2
814,"Andrew Agozzino",&nbsp;,UTA,LW,-219,3," "," "," "," ",0,0,0,0,0,0,0,4,1,2
815,"Gabe Perreault",&nbsp;,NYR,RW,-219,24," "," "," "," ",3,10,5,24,0,3,0,10,19,56
816,"Curtis Douglas",&nbsp;,TBL,C,-219,55," "," "," "," ",0,4,1,15,0,0,0,31,6,29
817,"Anton Blidh",&nbsp;,NYR,LW,-220,2," "," "," "," ",0,0,0,0,0,0,0,4,0,2
818,"Owen Beck",&nbsp;,MTL,C,-220,23," "," "," "," ",2,0,4,22,0,0,0,24,7,29
819,"Bokondji Imama",&nbsp;,PIT,LW,-220,4," "," "," "," ",0,0,0,0,0,0,0,3,0,1
820,"Justin Dowling",&nbsp;,NYR,LW,-220,5," "," "," "," ",0,0,-1,0,0,0,0,3,1,1
821,"Jakob Pelletier",&nbsp;,TBL,LW/RW,-220,5," "," "," "," ",0,0,0,0,0,0,0,1,1,1
822,"Shane Lachance",&nbsp;,NJD,LW,-221,2," "," "," "," ",0,0,0,0,0,0,0,1,0,0
823,"Daniil But",&nbsp;,UTA,LW,-221,55," "," "," "," ",0,0,0,0,0,0,0,0,0,0
824,"Igor Chernyshov",Vasyy,SJS,LW,-221,49," "," "," "," ",0,0,0,0,0,0,0,0,0,0
825,"REID SCHAEFER",&nbsp;,NSH,LW,-221,51," "," "," "," ",0,0,0,0,0,0,0,0,0,0
826,"Matthew Tkachuk","Jte Pete",FLA,LW/RW,-221,38," "," "," "," ",0,0,0,0,0,0,0,0,0,0
827,"Nick Lardis",&nbsp;,CHI,LW,-221,24," "," "," "," ",0,0,0,0,0,0,0,0,0,0
828,"Josh Dunne",&nbsp;,BUF,LW,-221,45," "," "," "," ",0,0,0,0,0,0,0,0,0,0
829,"Jeffrey Viel",&nbsp;,SJS,LW,-221,16," "," "," "," ",0,0,0,0,0,0,0,0,0,0
830,"Juuso Parssinen",&nbsp;,NYR,C,-223,22," "," "," "," ",2,1,3,12,0,0,0,20,9,26
831,"Jacob Melanson",&nbsp;,SEA,RW,-223,22," "," "," "," ",2,5,-1,22,0,0,0,65,4,52
832,"Luca Del Bel Belluz",&nbsp;,CBJ,C,-225,27," "," "," "," ",0,7,-3,11,0,0,0,3,15,24
833,"Nathan Bastian",&nbsp;,DAL,RW,-225,40," "," "," "," ",5,0,3,23,0,0,0,56,5,50
834,"Jani Nyman",&nbsp;,SEA,RW,-226,32," "," "," "," ",5,3,1,39,0,2,0,22,4,50
835,"Alexander Holtz",&nbsp;,VGK,RW,-226,28," "," "," "," ",3,7,0,48,0,0,0,6,11,49
836,"Sam Lafferty",&nbsp;,CHI,C,-226,56," "," "," "," ",2,1,2,12,0,0,0,21,1,23
837,"Matvei Gridin",&nbsp;,CGY,RW,-228,16," "," "," "," ",7,0,-8,63,0,0,0,3,8,47
838,"Philip Tomasino",&nbsp;,PIT,C/RW,-229,13," "," "," "," ",0,4,-3,9,0,0,0,15,9,20
839,"Ben Jones",&nbsp;,MIN,C,-230,28," "," "," "," ",0,0,-6,0,0,0,0,47,7,19
840,"Michael Misa",&nbsp;,SJS,C,-232,9," "," "," "," ",1,3,-1,13,0,0,0,2,6,17
841,"Justin Kirkland",&nbsp;,CGY,C,-233,26," "," "," "," ",0,2,0,5,0,0,0,19,5,16
842,"Ville Koivunen",&nbsp;,PIT,RW,-233,37," "," "," "," ",3,5,-6,42,0,3,0,3,12,42
843,"Angus Crookshank",&nbsp;,NJD,C,-233,13," "," "," "," ",2,0,1,8,0,0,0,6,8,15
844,"Cole Schwindt",&nbsp;,FLA,RW,-235,36," "," "," "," ",7,0,0,24,0,0,0,14,9,40
845,"Isak Rosen",&nbsp;,BUF,RW,-236,19," "," "," "," ",4,6,-4,19,0,2,0,7,11,39
846,"Conor Geekie",&nbsp;,TBL,C,-237,17," "," "," "," ",0,1,0,5,0,0,0,15,5,12
847,"Dominic Toninato",&nbsp;,CHI,C,-237,9," "," "," "," ",0,2,1,6,0,0,0,12,0,12
848,"Brad Lambert",&nbsp;,WPG,C,-239,7," "," "," "," ",2,0,-1,6,0,0,0,4,1,10
849,"Jacob Quillan",&nbsp;,TOR,C,-240,19," "," "," "," ",0,0,5,0,0,0,0,16,0,9
850,"Jack Studnicka",&nbsp;,FLA,C,-242,33," "," "," "," ",0,0,-3,0,0,0,0,17,4,7
851,"Jonathan Lekkerimaki",&nbsp;,VAN,RW,-242,22," "," "," "," ",4,4,0,16,0,0,0,11,5,33
852,"Ivan Ivan",&nbsp;,COL,C,-242,5," "," "," "," ",0,2,1,3,0,0,0,1,1,7
853,"John Hayden",&nbsp;,SEA,C,-246,5," "," "," "," ",0,0,-1,0,0,0,0,7,2,3
854,"Rory Kerins",&nbsp;,CGY,C,-246,8," "," "," "," ",0,0,-3,0,0,0,0,3,8,3
855,"Zack MacEwen",&nbsp;,NJD,C,-246,7," "," "," "," ",0,0,0,0,0,0,0,6,1,3
856,"Scott Sabourin",&nbsp;,TBL,RW,-247,21," "," "," "," ",2,4,0,10,0,0,0,20,5,28
857,"Nils Aman",&nbsp;,VAN,C,-248,4," "," "," "," ",0,0,0,0,0,0,0,2,1,1
858,"Braeden Cootes",&nbsp;,VAN,C,-248,3," "," "," "," ",0,0,-2,0,0,0,0,3,1,1
859,"Jett Luchanko",&nbsp;,PHI,C,-248,4," "," "," "," ",0,0,-3,0,0,0,0,2,3,1
860,"Dominic James",&nbsp;,TBL,C,-249,59," "," "," "," ",0,0,0,0,0,0,0,0,0,0
861,"Otto Stenberg",&nbsp;,STL,C,-249,24," "," "," "," ",0,0,0,0,0,0,0,0,0,0
862,"Denver Barkey",&nbsp;,PHI,C,-249,24," "," "," "," ",0,0,0,0,0,0,0,0,0,0
863,"Stephen Halliday",&nbsp;,OTT,C,-249,37," "," "," "," ",0,0,0,0,0,0,0,0,0,0
864,"Justin Robidas",&nbsp;,CAR,C,-249,5," "," "," "," ",0,0,0,0,0,0,0,0,0,0
865,"Trevor Kuntar",&nbsp;,BUF,C,-249,2," "," "," "," ",0,0,0,0,0,0,0,0,0,0
866,"Hunter Haight",&nbsp;,MIN,C,-249,4," "," "," "," ",0,0,-2,0,0,0,0,2,0,-0
867,"Georgii Merkulov",&nbsp;,BOS,C,-250,7," "," "," "," ",0,0,-3,0,0,0,0,0,0,-2
868,"Noah Philp",&nbsp;,EDM,RW,-252,19," "," "," "," ",2,1,-7,14,0,0,0,30,2,23
869,"Olle Lycksell",&nbsp;,OTT,RW,-257,11," "," "," "," ",2,1,-2,14,1,0,0,5,5,18
870,"Michael Brandsegg-Nygard",&nbsp;,DET,RW,-258,13," "," "," "," ",0,1,-5,13,0,0,0,28,3,17
871,"Matt Luff",&nbsp;,STL,RW,-260,11," "," "," "," ",2,0,-2,10,0,0,0,10,5,15
872,"Ethan Cardwell",&nbsp;,SJS,RW,-260,11," "," "," "," ",2,0,-3,12,1,0,0,10,1,15
873,"Sam Colangelo",&nbsp;,ANA,RW,-264,11," "," "," "," ",2,0,-3,6,0,0,0,10,1,11
874,"Arthur Kaliyev",&nbsp;,OTT,RW,-265,5," "," "," "," ",0,3,0,4,0,2,0,0,0,10
875,"Nikita Chibrikov",&nbsp;,WPG,RW,-266,18," "," "," "," ",0,0,0,0,0,0,0,15,8,9
876,"Hayden Hodgson",&nbsp;,OTT,RW,-266,12," "," "," "," ",0,0,-1,0,0,0,0,23,0,9
877,"Mitchell Chaffee",&nbsp;,TBL,RW,-267,11," "," "," "," ",0,0,0,0,0,0,0,19,2,8
878,"Nicolas Aube-Kubel",&nbsp;,MIN,RW,-268,7," "," "," "," ",0,1,1,4,0,0,0,4,4,7
879,"Patrick Giles",&nbsp;,SJS,RW,-270,4," "," "," "," ",0,1,1,2,0,0,0,3,2,5
880,"Jason Polin",&nbsp;,COL,RW,-271,3," "," "," "," ",0,0,1,0,0,0,0,8,2,5
881,"Joshua Roy",&nbsp;,MTL,RW,-271,9," "," "," "," ",0,0,0,0,0,0,0,10,0,4
882,"Justin Danforth",&nbsp;,BUF,RW,-271,19," "," "," "," ",0,0,-4,0,0,0,0,6,8,4
883,"Joakim Kemell",&nbsp;,NSH,RW,-272,7," "," "," "," ",0,0,0,0,0,0,0,6,2,3
884,"Evgenii Dadonov",&nbsp;,NJD,RW,-273,32," "," "," "," ",0,0,-1,0,0,0,0,2,4,2
885,"Samuel Poulin",&nbsp;,PIT,RW,-274,10," "," "," "," ",0,0,-5,0,0,0,0,5,5,2
886,"Nathan Legare",&nbsp;,NJD,RW,-274,3," "," "," "," ",0,0,0,0,0,0,0,2,1,1
887,"Matej Blumel",&nbsp;,BOS,RW,-275,18," "," "," "," ",0,0,-7,0,0,0,0,5,5,1
888,"Braeden Bowman",&nbsp;,VGK,RW,-275,66," "," "," "," ",0,0,0,0,0,0,0,0,0,0
889,"Xavier Bourgault",&nbsp;,OTT,RW,-275,3," "," "," "," ",0,0,0,0,0,0,0,0,0,0
890,"Arseniy Gritsyuk",&nbsp;,NJD,RW,-275,78," "," "," "," ",0,0,0,0,0,0,0,0,0,0
891,"Quinn Hutson",&nbsp;,EDM,RW,-275,7," "," "," "," ",0,0,0,0,0,0,0,0,0,0
